domain,product_type,product_name,label,certainty,url,specs_text,matched_patterns
danawa,모니터,알파스캔 AOC Q27G4Z 게이밍 260 QHD FAST IPS 프리싱크 AI HDR 400 멀티스탠드 무결점,washing,high,https://prod.danawa.com/info/?pcode=103480508,"모니터 / 68.5cm(27인치) / QHD(2560 x 1440) / 260Hz / Fast IPS / 와이드(16:9) / 평면 / 0.3ms(MPRT) / 400nits / 1,000:1 / HDR10 / VESA HDR 400 / 헤드폰 아웃 / 피벗(회전) / 엘리베이션(높낮이) / 스위블(좌우) / 4.91kg / [색상영역] 10bit (8bit + FRC) / sRGB : 118% / Adobe RGB : 105% / DCI-P3 : 97% / NTSC : 107% / [게임특화] 조준선 표시 / 인풋랙 제어 / 블랙 이퀄라이저 / Adaptive Sync / G-Sync 호환 / G-Sync 호환(NVIDIA인증) / FreeSync / [단자정보] HDMI 2.0 / DP 1.4",없음
danawa,올인원PC,"삼성전자 올인원 PRO DM970AGA-L71A (16GB, M.2 512GB + M.2 1TB)",genuine,high,https://prod.danawa.com/info/?pcode=70001663,155H / Arc 그래픽스 / 윈도우11 / 인텔 / 코어울트라 시리즈1 / 코어 울트라7 / 메테오레이크 / 인텔 AI Boost / 11TOPS / LPDDR5X / 16GB / M.2 / 512GB + 1TB / INTEL / 화면크기 : 68.6cm(27인치) / 3840x2160 / 눈부심방지 / 스피커 내장형 / 1Gbps 유선 / 802.11ax(Wi-Fi 6E) 무선 / 블루투스 / USB3.x 5Gbps / 썬더볼트4 / 웹캠 / 마이크 내장 / DC / 일체형 / 6.9kg / 구성변경상품,"strong: TOPS, AI Boost"
danawa,냉장고,LG전자 디오스 오브제컬렉션 T873MEE111 (전국무료),genuine,medium,https://prod.danawa.com/info/?pcode=17432099,"양문형냉장고 / 총용량 : 870L / 4도어 / 냉장 : 503L / 냉동 : 367L / 1등급(22.07 기준) / 홈바 : 매직스페이스 / 아이스메이커 : 트레이 / 큐브(각얼음) / AI절약모드 / 색상 : 베이지 / [신선/보관] 위생 : 항균핸들 / 미세자동정온 / 급속냉동 / [디자인] 재질 : 네이처(메탈) / 크기(가로x세로x깊이): 914x1787x918mm / 출시가: 2,700,000원",strong: AI절약모드
danawa,세탁기,삼성전자 비스포크 AI 원바디 WF2522HDEEE,genuine,high,https://prod.danawa.com/info/?pcode=97564493,"드럼세탁기+건조기 / 일체형 / 세탁 : 25kg / 건조 : 22kg / 세제자동투입 / 자동문열림 / 공간제습 / 세탁:1등급 / 건조:1등급 / [세탁/건조] AI세탁 / AI건조 / AI에너지절약 / 인버터건조모터 / 콘덴서관리 : 수동 / [조작/편의] 조작부 : 올인원컨트롤(다이얼+터치) / 일체형조작부 / 스마트싱스 / 스마트폰제어 / [규격] 세탁기색상 : 그레이지 / 건조기색상 : 그레이지 / 단품모델명 : 세탁기(WF25CB8790BE), 건조기(DV22DB8790BE) / 직렬 : ±686x1890x875mm","strong: ai 세탁, AI세탁, AI 에너지절약, AI에너지절약, ai 에너지, AI 에너지"
danawa,스마트폰,"삼성전자 갤럭시 점프3 128GB, 공기계 (S등급,중고)",washing,high,https://prod.danawa.com/info/?pcode=75541439,"스마트폰 / 화면:16.8cm(6.6인치) / 120Hz / 램 : 6GB / 용량 : 128GB / [프로세서/AI] 스냅드래곤888 / AP CPU : 49점 / AP 게이밍 : 42점 / [카메라] 후면:5,000만+200만+200만화소 / 전면:1,300만화소 / [배터리/규격] USB2.0 / 5,000mAh / 가로 : 78.0mm / 세로 : 167.7mm / 두께 : 9.1mm / 무게 : 216g / 출시가: 438,900원",neg: 스마트(-0.18)
danawa,건조기,"삼성전자 비스포크 AI 콤보 WD90F25AHT (+수납함,WD90F25AHTN1)",genuine,high,https://prod.danawa.com/info/?pcode=96368726,"세탁건조기 / 세탁25kg,건조18kg / 세탁→건조 올인원 / 귀가시간 맞춤 세탁종료 / 건조시간이 빠른 인버터히트펌프+히터 / 에너지: 1등급 / [성능] AI진동소음저감 / 세제자동투입 : 11단계 / 세제함 : 일반970ml + 유연제830ml (약 5.5주) / 스팀살균 / 미세플라스틱저감 코스 / 펫케어 코스 / 세제스캔 정량투입 / 쾌속코스 79분 / [조작/스마트] 원격제어 / 풀터치조작 / 음성명령 / 디스플레이 : 177.8mm(7인치) / [관리편의] 통세척 / 오토오픈도어+ / 자동열교환기세척 / 열풍내부살균 / [내구성] 강화유리도어 / 내부조명 / 플라스틱리프터 / 정면필터 / [색상/크기] 색상 : 실버스틸 / 크기(가로x세로x깊이) : 686×1,110×875mm / 수납함: 686x381x786mm / AI세탁건조 / AI홈 / AI에너지절약","strong: AI 에너지절약, ai 에너지, AI에너지절약, AI 에너지"
danawa,올인원PC,"삼성전자 올인원 PRO DM970AGA-L71AR (32GB, M.2 1TB)",genuine,high,https://prod.danawa.com/info/?pcode=49164173,155H / Arc 그래픽스 / 윈도우11 / 인텔 / 코어울트라 시리즈1 / 코어 울트라7 / 메테오레이크 / 인텔 AI Boost / 11TOPS / LPDDR5X / 32GB / M.2 / 1TB / INTEL / 화면크기 : 68.6cm(27인치) / 3840x2160 / 눈부심방지 / 스피커 내장형 / 1Gbps 유선 / 802.11ax(Wi-Fi 6E) 무선 / 블루투스 / USB3.x 5Gbps / 썬더볼트4 / 웹캠 / 마이크 내장 / DC / 일체형 / 6.9kg,"strong: TOPS, AI Boost"
danawa,태블릿,"삼성전자 갤럭시탭S10 FE 플러스 (램12GB,256GB)",genuine,high,https://prod.danawa.com/info/?pcode=78984131,"태블릿PC / Wi-Fi / 13.1인치 / TFT-LCD / 90Hz / 램 : 12GB / 용량 : 256GB / microSD지원 / [프로세서/AI] 엑시노스1580 / AP CPU : 47점 / AP 게이밍 : 25점 / AI TOPS : 14.7 TOPS / [카메라] 후면카메라 : 싱글 / 전면카메라 : 싱글 / [배터리] USB2.0 / 10,090mAh / 최대충전 : 45W / 방수 : IP68 / 가로 : 300.6mm / 세로 : 194.7mm / 두께 : 6mm / 무게 : 664g / 출시가: 1,128,600원","strong: TOPS, AI TOPS"
danawa,전자레인지,삼성전자 비스포크 AI CC80H63S1HS (빌트인),genuine,medium,https://prod.danawa.com/info/?pcode=122618146,"인덕션 / 빌트인 / 화구수 : 3구 / 소비전력 : 3300W / 스마트폰제어 / 밀키트스캔쿡 / 자동맞춤요리 / 끓음감지 / 기능 : 터보모드 , DNC저소음 / 안전장치 : 타이머 , 잔열표시 , 버튼잠금 , 과열감지 , 일시정지 , 용기없음인식 , 일시낮춤 / 터치 / 세라믹글라스 / 에너지 : 1등급 / [최대출력] 대: 3300W, 중: 2600W, 소: 1500W / LCD알림창 / 타공치수(가로x세로): 560x480mm / 크기(가로x세로x높이): 600x520x48mm",strong: 밀키트스캔쿡 | weak: 자동맞춤요리
danawa,건조기,"LG전자 트롬 오브제컬렉션 워시콤보 FH25GS (+미니워시,FH25GSX)",genuine,high,https://prod.danawa.com/info/?pcode=76550549,"세탁건조기 / 세탁25kg,건조15kg / 미니워시4kg / 귀가시간 맞춤 세탁종료 / 세탁→건조 올인원 / 옷감손상적은 인버터히트펌프 / 에너지: 1등급 / [성능] 스팀살균 / 미세플라스틱저감 코스 / 6모션 / [조작/스마트] 원격제어 / 다이얼+터치조작 / [관리편의] 자동열교환기세척 / 통세척 / [내구성] 강화유리도어 / 스테인리스리프터 / 내부조명 / 상단필터 / [색상/크기] 색상 : 네이처그린 / 크기(가로x세로x깊이) : 700×1,360×830mm / 미니워시: 700x360x770mm / AI에너지절약 / AI세탁건조","strong: AI 에너지절약, ai 에너지, AI에너지절약, AI 에너지"
danawa,태블릿,"삼성전자 갤럭시탭S10 FE 플러스 (램8GB,128GB)",genuine,high,https://prod.danawa.com/info/?pcode=78982958,"태블릿PC / Wi-Fi / 13.1인치 / TFT-LCD / 90Hz / 램 : 8GB / 용량 : 128GB / microSD지원 / [프로세서/AI] 엑시노스1580 / AP CPU : 47점 / AP 게이밍 : 25점 / AI TOPS : 14.7 TOPS / [카메라] 후면카메라 : 싱글 / 전면카메라 : 싱글 / [배터리] USB2.0 / 10,090mAh / 최대충전 : 45W / 방수 : IP68 / 가로 : 300.6mm / 세로 : 194.7mm / 두께 : 6mm / 무게 : 664g / 출시가: 949,300원","strong: TOPS, AI TOPS"
danawa,식기세척기,삼성전자 비스포크 AI DW80H73Y1UZ (빌트인),genuine,medium,https://prod.danawa.com/info/?pcode=122660581,"식기세척기 / 14인용 / 빌트인 / 1등급(26.04 기준) / 살균 : 고온 / 건조 : 자동문열림 , 응축 / 선반 : 3단 , 높이조절 / 코스 : 다운로드 , 빠른세척 , 저소음 , 헹굼추가 / [특징] 히든터치 / 스마트폰제어 / [규격] 소비전력 : 2050W / 물소비량 : 15.4L / 색상 : 에센셜화이트 / 크기(가로x세로x깊이) : 595x815x572mm","manual: AI절약모드 (상세설명 확인, 스펙표 미기재)"
danawa,건조기,삼성전자 비스포크 AI 콤보 WD90F25CHW (기본형),genuine,high,https://prod.danawa.com/info/?pcode=77964938,"세탁건조기 / 세탁25kg,건조18kg / 귀가시간 맞춤 세탁종료 / 세탁→건조 올인원 / 옷감손상적은 인버터히트펌프 / 에너지: 1등급 / [성능] 진동소음저감 / 세제자동투입 : 11단계 / 세제함 : 일반970ml + 유연제830ml (약 5.5주) / 미세플라스틱저감 코스 / 세제스캔 정량투입 / 스팀살균 / 펫케어 코스 / 쾌속코스 89분 / [조작/스마트] 음성명령 / 풀터치조작 / 원격제어 / 디스플레이 : 177.8mm(7인치) / [관리편의] 자동열교환기세척 / 통세척 / [내구성] 강화유리도어 / 내부조명 / 플라스틱리프터 / 정면필터 / [색상/크기] 색상 : 화이트 / 크기(가로x세로x깊이) : 686×1,110×875mm / AI세탁건조 / AI에너지절약 / AI홈","strong: AI 에너지절약, ai 에너지, AI에너지절약, AI 에너지"
danawa,건조기,"삼성전자 비스포크 AI 콤보 WD90H25AHT (+수납함, WD90H25AHTN1)",genuine,high,https://prod.danawa.com/info/?pcode=108693806,"세탁건조기 / 세탁25kg,건조20kg / 세탁→건조 올인원 / 귀가시간 맞춤 세탁종료 / 건조시간이 빠른 인버터히트펌프+히터 / 에너지: 1등급 / [성능] AI진동소음저감 / 세제자동투입 : 11단계 / 세제함 : 일반970ml + 유연제830ml (약 5.5주) / 미세플라스틱저감 코스 / 펫케어 코스 / 스팀살균 / 세제스캔 정량투입 / 쾌속코스 69분 / [조작/스마트] 원격제어 / 음성명령 / 풀터치조작 / 디스플레이 : 177.8mm(7인치) / [관리편의] 오토오픈도어+ / 자동열교환기세척 / 열풍내부살균 / 통세척 / [내구성] 강화유리도어 / 내부조명 / 플라스틱리프터 / 정면필터 / [색상/크기] 색상 : 실버스틸 / 크기(가로x세로x깊이) : 686×1,110×875mm / 수납함: 686x381x786mm / AI에너지절약 / AI세탁건조 / AI홈 / 출시가: 4,599,000원","strong: AI 에너지절약, ai 에너지, AI에너지절약, AI 에너지"
danawa,올인원PC,"삼성전자 올인원 PRO DM970AGA-L51AR (32GB, M.2 2TB)",genuine,high,https://prod.danawa.com/info/?pcode=73121762,125H / Arc 그래픽스 / 윈도우11 / 인텔 / 코어울트라 시리즈1 / 코어 울트라5 / 메테오레이크 / 인텔 AI Boost / 11TOPS / LPDDR5X / 32GB / M.2 / 2TB / INTEL / 화면크기 : 68.6cm(27인치) / 3840x2160 / 눈부심방지 / 스피커 내장형 / 1Gbps 유선 / 802.11ax(Wi-Fi 6E) 무선 / 블루투스 / USB3.x 5Gbps / 썬더볼트4 / 웹캠 / 마이크 내장 / DC / 일체형 / 6.9kg / 구성변경상품,"strong: TOPS, AI Boost"
danawa,세탁기,LG전자 트롬 F12WVAR,genuine,high,https://prod.danawa.com/info/?pcode=106748600,"드럼세탁기 / 세탁전용 / 세탁 : 12kg / 세탁:1등급 / [세탁/관리] AI세탁 / 인버터DD / 4방향터보샷 / 6모션 / 통살균 / [디자인] 다이얼+LED터치 / 글라스도어 / [규격/설치] 색상 : 화이트 / 크기(가로x세로x깊이): 600x850x660mm / LG전자 중형용량: 10~15kg / 출시가: 1,165,000원","strong: ai 세탁, AI세탁"
danawa,올인원PC,"삼성전자 올인원 PRO DM970AGA-L71A (16GB, M.2 512GB + M.2 256GB)",genuine,high,https://prod.danawa.com/info/?pcode=70001651,155H / Arc 그래픽스 / 윈도우11 / 인텔 / 코어울트라 시리즈1 / 코어 울트라7 / 메테오레이크 / 인텔 AI Boost / 11TOPS / LPDDR5X / 16GB / M.2 / 256GB + 512GB / INTEL / 화면크기 : 68.6cm(27인치) / 3840x2160 / 눈부심방지 / 스피커 내장형 / 1Gbps 유선 / 802.11ax(Wi-Fi 6E) 무선 / 블루투스 / USB3.x 5Gbps / 썬더볼트4 / 웹캠 / 마이크 내장 / DC / 일체형 / 6.9kg / 구성변경상품,"strong: TOPS, AI Boost"
danawa,냉장고,LG전자 디오스 오브제컬렉션 T875MEE111 (전국무료),genuine,medium,https://prod.danawa.com/info/?pcode=65353772,"양문형냉장고 / 총용량 : 870L / 4도어 / 냉장 : 503L / 냉동 : 367L / 1등급(24.08 기준) / 홈바 : 매직스페이스 / 아이스메이커 : 트레이 / 큐브(각얼음) / AI절약모드 / 오토클로징 / 색상 : 베이지 / [신선/보관] 위생 : 탈취 / 미세자동정온 / 급속냉동 / [디자인] 재질 : 네이처(메탈) / 크기(가로x세로x깊이): 914x1787x918mm / 출시가: 2,850,000원",strong: AI절약모드
danawa,태블릿,"삼성전자 갤럭시탭S10 FE (램8GB,128GB)",genuine,high,https://prod.danawa.com/info/?pcode=78982952,"태블릿PC / Wi-Fi / 10.9인치 / TFT-LCD / 90Hz / 램 : 8GB / 용량 : 128GB / microSD지원 / [프로세서/AI] 엑시노스1580 / AP CPU : 47점 / AP 게이밍 : 25점 / AI TOPS : 14.7 TOPS / [카메라] 후면카메라 : 싱글 / 전면카메라 : 싱글 / [배터리] USB2.0 / 8,000mAh / 최대충전 : 45W / 방수 : IP68 / 가로 : 254.3mm / 세로 : 165.8mm / 두께 : 6mm / 무게 : 497g / 출시가: 698,500원","strong: TOPS, AI TOPS"
danawa,노트북,삼성전자 갤럭시북6 프로 NT940XJG-K51A (SSD 2TB),genuine,high,https://prod.danawa.com/info/?pcode=106749662,"AI노트북 / 35.6cm(14인치) / 1.24kg / 최대 30시간 / 윈도우11홈 / 화면정보 해상도 : 2880x1800(WQXGA+) / 밝기 : 500nit / 주사율 : 120Hz / CPU 인텔 / 코어 울트라5(S3) / 338H (4.7GHz) / NPU : 47TOPS / 그래픽 내장그래픽 / Arc B370 / 10core / 램 램 : 16GB / 램 교체 : 불가능 / 용량 : 2TB / 저장 슬롯 : 1개 / 전원 : USB-PD / 배터리 : 67.18Wh / 용도 : 휴대용 , 사무/인강용","strong: TOPS, NPU"
danawa,올인원PC,"삼성전자 올인원 PRO DM970AGA-L71AR (32GB, M.2 1TB + M.2 2TB)",genuine,high,https://prod.danawa.com/info/?pcode=71964671,155H / Arc 그래픽스 / 윈도우11 / 인텔 / 코어울트라 시리즈1 / 코어 울트라7 / 메테오레이크 / 인텔 AI Boost / 11TOPS / LPDDR5X / 32GB / M.2 / 1TB + 2TB / INTEL / 화면크기 : 68.6cm(27인치) / 3840x2160 / 눈부심방지 / 스피커 내장형 / 1Gbps 유선 / 802.11ax(Wi-Fi 6E) 무선 / 블루투스 / USB3.x 5Gbps / 썬더볼트4 / 웹캠 / 마이크 내장 / DC / 일체형 / 6.9kg / 구성변경상품,"strong: TOPS, AI Boost"
danawa,스마트폰,"삼성전자 갤럭시Z 플립7 512GB, 자급제 (자급제 공기계)",genuine,high,https://prod.danawa.com/info/?pcode=92969183,"스마트폰(폴더블) / 5G / 화면:17.4cm(6.9인치) / 120Hz / 외부화면:10.48cm(4.1인치) / [프로세서/AI] 엑시노스2500 / 램 : 12GB / 용량 : 512GB / AP CPU : 85점 / AP 게이밍 : 71점 / AI TOPS : 59TOPS / [카메라] 후면:5,000만화소+1,200만화소 / 전면:1,000만화소 / [배터리/규격] USB3.2 / 4,300mAh / 최대충전 : 25W / 무선:최대15W / 방수 : IP48 / 가로 : 75.2mm / 세로 : 166.7mm / 두께 : 6.5mm / 무게 : 188g / 출시가: 1,643,400원","strong: TOPS, AI TOPS | neg: 스마트(-0.18)"
danawa,공기청정기,LG전자 오브제컬렉션 퓨리케어 AI 360˚ 알파UP AS335NSAC (무빙휠 포함),genuine,high,https://prod.danawa.com/info/?pcode=76465637,공기청정기 / 33평(109㎡) / UV살균 / 초미세먼지제거 / 유해가스 제거 / 탈취 / 360도 필터 / 새집증후군물질제거 / 에너지효율 : 2등급 / [센서/모드] PM1.0(극초미세먼지) / 조도 / 가스(냄새) / 아기 / 자동 / 펫 / 터보 / 정품필터인식센서 / [편의] 음성안내 / 필터점검/교체알림 / LG ThinQ / 자체기기점검 / UP가전 / 버튼잠금 / 이동식바퀴 / 타이머 / 풍량조절 / 청정도표시 / 미세먼지농도표시 / [인증] CA인증 / BAF인증 / [규격] 소비전력 : 80W / 무게 : 20.8kg / 크기(가로x세로x깊이) : 377x1100x377mm,"strong: ThinQ, UP가전"
danawa,에어컨,LG전자 휘센 AI 오브제컬렉션 뷰 3시리즈 FQ18GV3EA2 ((수도권)기본설치비 포함),genuine,high,https://prod.danawa.com/info/?pcode=122628171,"2in1에어컨 / 냉방면적 : 18+6평(58.5+18.7㎡) / 2026년형 / AI건조 / AI열교환기세척 / AI운전(환경,패턴,공간) / 에너지 : 2등급 / ★월 전기요금 : 127,600원 / [성능] 냉방능력 : 7.2kW / 소비전력 : 2.1kW / 듀얼인버터 / [편의] 스마트폰제어 / 인체감지 / 셀프청소가능 / UV-LED 팬살균 / 간접냉방(유풍) / 기능업데이트 / 자기진단 / [규격] 크기(가로x세로x깊이): 350x1840x295mm, 754x308x189mm / 출시가: 3,774,000원","strong: AI운전, AI 건조, AI건조"
danawa,모니터,알파스캔 에이건 AG326UZD 게이밍 4K UHD OLED 240 USB-C HDR 400 Ai 멀티스탠드 무결점,washing,high,https://prod.danawa.com/info/?pcode=122622648,"모니터 / 80cm(32인치) / 4K UHD(3840 x 2160) / 240Hz / QD-OLED / 와이드(16:9) / 평면 / 0.03ms(GTG) / 1,000nits / 1,500,000:1 / HDR10 / VESA HDR 400 / 스피커 내장 / 헤드폰 아웃 / LED 조명 / USB PD 지원 / 피벗(회전) / 엘리베이션(높낮이) / 틸트(상하) / 스위블(좌우) / 10.23kg / [색상영역] 10bit True / sRGB : 144% / Adobe RGB : 114% / DCI-P3 : 105% / NTSC : 116% / [게임특화] 조준선 표시 / 인풋랙 제어 / 블랙 이퀄라이저 / Adaptive Sync / G-Sync 호환 / G-Sync 호환(NVIDIA인증) / [단자정보] HDMI 2.1 / DP 2.1 / USB C타입",없음
danawa,세탁기,LG전자 트롬 오브제컬렉션 워시콤보 FH24WN (기본형),genuine,high,https://prod.danawa.com/info/?pcode=98778002,"세탁건조기 / 세탁24kg,건조15kg / 귀가시간 맞춤 세탁종료 / 세탁→건조 올인원 / 옷감손상적은 인버터히트펌프 / 에너지: 1등급 / [성능] 6모션 / 미세플라스틱저감 코스 / [조작/스마트] 다이얼+터치조작 / 원격제어 / [관리편의] 통세척 / 자동열교환기세척 / [내구성] 강화유리도어 / 스테인리스리프터 / 내부조명 / 상단필터 / [색상/크기] 색상 : 릴리화이트 / 크기(가로x세로x깊이) : 700×990×830mm / AI세탁건조","strong: ai 세탁, 맞춤 세탁, AI세탁"
danawa,모니터,크로스오버 245G366 FAST-IPS Ai 게이밍 Hyper sonic 무결점,washing,high,https://prod.danawa.com/info/?pcode=76509134,"모니터 / 62.1cm(24인치) / FHD(1920 x 1080) / 320Hz / Fast IPS / 와이드(16:9) / 평면 / 1ms(GTG OD) / 400nits / 1,000:1 / 스피커 내장 / 헤드폰 아웃 / LED 조명 / 틸트(상하) / 3.1kg / [색상영역] sRGB : 143% / Adobe RGB : 99% / DCI-P3 : 102% / [게임특화] 조준선 표시 / 블랙 이퀄라이저 / Adaptive Sync / G-Sync 호환 / FreeSync / [단자정보] HDMI 2.0 / DP 1.4",없음
danawa,스마트폰,"삼성전자 갤럭시S26 울트라 512GB, 자급제 (코발트 바이올렛)",genuine,high,https://prod.danawa.com/info/?pcode=106721882,"스마트폰(바형) / 화면:17.4cm(6.9인치) / 120Hz / 램 : 12GB / 용량 : 512GB / [프로세서/AI] 스냅드래곤8 엘리트 Gen5 / AP CPU : 99점 / AP 게이밍 : 96점 / [카메라] 후면:2억 화소+1,000만화소+5,000만화소+5,000만화소 / 전면:1,200만화소 / [배터리] USB3.2 / 5,000mAh / 최대충전 : 60W / 무선:최대25W / 방수 : IP68 / 가로 : 78.1mm / 세로 : 163.6mm / 두께 : 7.9mm / 무게 : 214g / 출시가: 2,050,000원",neg: 스마트(-0.18)
danawa,냉장고,LG전자 디오스 AI 오브제컬렉션 S836MRQ112 (전국무료),genuine,medium,https://prod.danawa.com/info/?pcode=94934756,양문형냉장고 / 총용량 : 832L / 2도어 / 냉장 : 524L / 냉동 : 308L / 2등급(25.06 기준) / 홈바 : 매직스페이스 / 아이스메이커 : 분리 / 큐브(각얼음) / AI절약모드 / 오토클로징 / 색상 : (상단) 크림그레이 (하단) 에센스화이트 / [신선/보관] 위생 : 탈취 / 도어쿨링 / 미세자동정온 / 급속냉동 / [디자인] 재질 : 메탈 / 크기(가로x세로x깊이): 913x1790x913mm,strong: AI절약모드
danawa,청소기,LG전자 오브제컬렉션 코드제로 AI A9 AI958WB,genuine,medium,https://prod.danawa.com/info/?pcode=104939939,"핸디스틱청소기 / 무선 / 흡입+물걸레(동시) / 물걸레 : 포함 / 흡입력 : 320W / 사용시간 : 30분(최대) / 스테이션 : 먼지비움 , 액세서리수납 , 충전 , 스탠드거치 / 먼지비움시간 : 30초 / 먼지봉투 : 2.5L / LED라이트 / 오토스탑앤고 / AI청소 / 자동물공급 / 싸이클론흡입 / [흡입구] 와이드 / 추가브러쉬 : 틈새브러쉬 , 솔브러쉬 / 고온 / 스팀 / [색상/크기] 색상 : 카밍베이지 / 무게 : 2.54kg / 크기(가로x세로x깊이): 300x1100x245mm",strong: AI청소
danawa,스마트폰,"삼성전자 갤럭시Z 폴드7 256GB, 자급제 (자급제 공기계)",genuine,high,https://prod.danawa.com/info/?pcode=92890970,"스마트폰(폴더블) / 화면:20.3cm(8인치) / 120Hz / 외부화면:16.48cm(6.5인치) / 램 : 12GB / 용량 : 256GB / [프로세서/AI] 스냅드래곤8 엘리트 / AP CPU : 95점 / AP 게이밍 : 89점 / [카메라] 후면:2억 화소+1,200만화소+1,000만화소 / 전면:1,000만화소+1,000만화소 / [배터리/규격] USB3.2 / 4,400mAh / 최대충전 : 25W / 무선:최대15W / 방수 : IP48 / 가로 : 143.2mm / 세로 : 158.4mm / 두께 : 4.2mm / 무게 : 215g / 출시가: 2,379,300원",neg: 스마트(-0.18)
danawa,노트북,삼성전자 갤럭시북6 프로 NT940XJG-K51A (SSD 1TB),genuine,high,https://prod.danawa.com/info/?pcode=106749659,"AI노트북 / 35.6cm(14인치) / 1.24kg / 최대 30시간 / 윈도우11홈 / 화면정보 해상도 : 2880x1800(WQXGA+) / 밝기 : 500nit / 주사율 : 120Hz / CPU 인텔 / 코어 울트라5(S3) / 338H (4.7GHz) / NPU : 47TOPS / 그래픽 내장그래픽 / Arc B370 / 10core / 램 램 : 16GB / 램 교체 : 불가능 / 용량 : 1TB / 저장 슬롯 : 1개 / 전원 : USB-PD / 배터리 : 67.18Wh / 용도 : 휴대용 , 사무/인강용","strong: TOPS, NPU"
danawa,올인원PC,"삼성전자 올인원 PRO DM970AGA-LC51G (16GB, M.2 2TB)",genuine,high,https://prod.danawa.com/info/?pcode=65305520,125H / Arc 그래픽스 / 윈도우11 / 인텔 / 코어울트라 시리즈1 / 코어 울트라5 / 메테오레이크 / 인텔 AI Boost / 11TOPS / LPDDR5X / 16GB / M.2 / 2TB / INTEL / 화면크기 : 68.6cm(27인치) / 3840x2160 / 눈부심방지 / 스피커 내장형 / 1Gbps 유선 / 802.11ax(Wi-Fi 6E) 무선 / 블루투스 / USB3.x 5Gbps / 썬더볼트4 / 웹캠 / 마이크 내장 / DC / 일체형 / 6.9kg / 용도 : 사무/인강용 / 구성변경상품,"strong: TOPS, AI Boost"
danawa,노트북,LG전자 2026 그램 프로16 16Z90U-KU7WK (SSD 1TB),genuine,high,https://prod.danawa.com/info/?pcode=103453760,"AI노트북 / 40.6cm(16인치) / 1.19kg / 윈도우11홈 / [화면정보] 해상도 : 2880x1800(WQXGA+) / 주사율 : 120Hz / [CPU] 인텔 / 코어 울트라X7(S3) / 358H (4.8GHz) / NPU : 47TOPS / [그래픽] 내장그래픽 / Arc B390 / 12core / [구성] 램 : 32GB / 램 교체 : 불가능 / 용량 : 1TB / 저장 슬롯 : 2개 / 전원 : USB-PD / 배터리 : 77Wh / 용도 : 사무/인강용 , 휴대용 / 출시가: 3,590,000원","strong: TOPS, NPU"
danawa,올인원PC,"삼성전자 올인원 PRO DM970AGA-L71AR (32GB, M.2 2TB)",genuine,high,https://prod.danawa.com/info/?pcode=70001708,155H / Arc 그래픽스 / 윈도우11 / 인텔 / 코어울트라 시리즈1 / 코어 울트라7 / 메테오레이크 / 인텔 AI Boost / 11TOPS / LPDDR5X / 32GB / M.2 / 2TB / INTEL / 화면크기 : 68.6cm(27인치) / 3840x2160 / 눈부심방지 / 스피커 내장형 / 1Gbps 유선 / 802.11ax(Wi-Fi 6E) 무선 / 블루투스 / USB3.x 5Gbps / 썬더볼트4 / 웹캠 / 마이크 내장 / DC / 일체형 / 6.9kg / 구성변경상품,"strong: TOPS, AI Boost"
danawa,올인원PC,"삼성전자 올인원 PRO DM970AGA-L71A (16GB, M.2 512GB + M.2 512GB)",genuine,high,https://prod.danawa.com/info/?pcode=70001636,155H / Arc 그래픽스 / 윈도우11 / 인텔 / 코어울트라 시리즈1 / 코어 울트라7 / 메테오레이크 / 인텔 AI Boost / 11TOPS / LPDDR5X / 16GB / M.2 / 512GB + 512GB / INTEL / 화면크기 : 68.6cm(27인치) / 3840x2160 / 눈부심방지 / 스피커 내장형 / 1Gbps 유선 / 802.11ax(Wi-Fi 6E) 무선 / 블루투스 / USB3.x 5Gbps / 썬더볼트4 / 웹캠 / 마이크 내장 / DC / 일체형 / 6.9kg / 구성변경상품,"strong: TOPS, AI Boost"
danawa,냉장고,LG전자 디오스 AI 오브제컬렉션 S834MEE111 (전국무료),genuine,medium,https://prod.danawa.com/info/?pcode=94639772,"양문형냉장고 / 총용량 : 832L / 2도어 / 냉장 : 524L / 냉동 : 308L / 1등급(24.04 기준) / 홈바 : 매직스페이스 / 아이스메이커 : 트레이 , 분리 / 큐브(각얼음) / AI절약모드 / 색상 : 베이지 / [신선/보관] 위생 : 탈취 / 도어쿨링 / 미세자동정온 / 급속냉동 / [디자인] 재질 : 네이처(메탈) / 크기(가로x세로x깊이): 913x1790x913mm / 출시가: 2,250,000원",strong: AI절약모드
danawa,모니터,크로스오버 27QD166CM QHD iPS USB-C 화이트 Ai 멀티스탠드 무결점,washing,high,https://prod.danawa.com/info/?pcode=90890669,"모니터 / 68.47cm(27인치) / QHD(2560 x 1440) / 120Hz / IPS / 와이드(16:9) / 평면 / 5ms(GTG) / 350nits / 1,000:1 / 스피커 내장 / 헤드폰 아웃 / USB PD 지원 / 피벗(회전) / 엘리베이션(높낮이) / 틸트(상하) / 스위블(좌우) / 5.1kg / [색상영역] sRGB : 145.5% / Adobe RGB : 107.9% / DCI-P3 : 107.3% / [게임특화] 블랙 이퀄라이저 / Adaptive Sync / G-Sync 호환 / FreeSync / [단자정보] HDMI 2.0 / DP 1.4 / USB C타입",없음
danawa,스마트폰,"삼성전자 갤럭시S26 울트라 256GB, SKT 기기변경 완납 (요금할인(선택약정))",genuine,high,https://prod.danawa.com/info/?pcode=106695344,"스마트폰(바형) / 화면:17.5cm(6.9인치) / 120Hz / 램 : 12GB / 용량 : 256GB / [프로세서/AI] 스냅드래곤8 엘리트 Gen5 / AP CPU : 99점 / AP 게이밍 : 96점 / [카메라] 후면:2억 화소+1,000만화소+5,000만화소+5,000만화소 / 전면:1,200만화소 / [배터리/규격] USB3.2 / 5,000mAh / 최대충전 : 60W / 무선:최대25W / 방수 : IP68 / 가로 : 78.1mm / 세로 : 163.6mm / 두께 : 7.9mm / 무게 : 214g / 출시가: 1,797,000원",neg: 스마트(-0.18)
danawa,건조기,"삼성전자 비스포크 AI 콤보 WD90F25CHY (+수납함,WD90F25CHYN1)",genuine,high,https://prod.danawa.com/info/?pcode=96368897,"세탁건조기 / 세탁25kg,건조18kg / 귀가시간 맞춤 세탁종료 / 세탁→건조 올인원 / 옷감손상적은 인버터히트펌프 / 에너지: 1등급 / [성능] 진동소음저감 / 세제자동투입 : 11단계 / 세제함 : 일반970ml + 유연제830ml (약 5.5주) / 미세플라스틱저감 코스 / 세제스캔 정량투입 / 펫케어 코스 / 쾌속코스 89분 / [조작/스마트] 원격제어 / 풀터치조작 / 음성명령 / 디스플레이 : 177.8mm(7인치) / [관리편의] 자동열교환기세척 / 통세척 / [내구성] 강화유리도어 / 플라스틱리프터 / 내부조명 / 정면필터 / [색상/크기] 색상 : 그레이지 / 크기(가로x세로x깊이) : 686×1,110×875mm / 수납함: 686x381x786mm / AI홈 / AI에너지절약 / AI세탁건조","strong: AI 에너지절약, ai 에너지, AI에너지절약, AI 에너지"
danawa,올인원PC,"삼성전자 올인원 PRO DM970AGA-L51AR (32GB, M.2 1TB)",genuine,high,https://prod.danawa.com/info/?pcode=72227609,125H / Arc 그래픽스 / 윈도우11 / 인텔 / 코어울트라 시리즈1 / 코어 울트라5 / 메테오레이크 / 인텔 AI Boost / 11TOPS / LPDDR5X / 32GB / M.2 / 1TB / INTEL / 화면크기 : 68.6cm(27인치) / 3840x2160 / 눈부심방지 / 스피커 내장형 / 1Gbps 유선 / 802.11ax(Wi-Fi 6E) 무선 / 블루투스 / USB3.x 5Gbps / 썬더볼트4 / 웹캠 / 마이크 내장 / DC / 일체형 / 6.9kg / 구성변경상품,"strong: TOPS, AI Boost"
danawa,노트북,삼성전자 갤럭시북6 프로 NT940XJG-K51A (SSD 256GB),genuine,high,https://prod.danawa.com/info/?pcode=106721318,"AI노트북 / 35.6cm(14인치) / 1.24kg / 최대 30시간 / 윈도우11홈 / [화면] 해상도 : 2880x1800(WQXGA+) / 밝기 : 500nit / 주사율 : 120Hz / [CPU] 인텔 / 코어 울트라5(S3) / 338H (4.7GHz) / NPU : 47TOPS / [그래픽] 내장그래픽 / Arc B370 / 10core / [구성] 램 : 16GB / 램 교체 : 불가능 / 용량 : 256GB / 저장 슬롯 : 1개 / 전원 : USB-PD / 배터리 : 67.18Wh / 용도 : 휴대용 , 사무/인강용","strong: TOPS, NPU"
danawa,건조기,LG전자 트롬 AI 오브제컬렉션 워시타워 WA2525IIHF,genuine,high,https://prod.danawa.com/info/?pcode=78534995,"드럼세탁기+건조기 / 일체형 / 세탁 : 25kg / 건조 : 25kg / 세탁물케어 / 스팀살균 / 세제자동투입 / 세탁:1등급 / 건조:1등급 / [세탁/건조] AI건조 / AI에너지절약 / AI세탁 / 듀얼인버터DD건조모터 / 콘덴서관리 : 자동 / [조작/편의] 조작부 : 올인원컨트롤(와이드터치스크롤) / 일체형조작부 / UP가전 / 스마트폰제어 / [규격] 세탁기색상 : 네이처에센스화이트 / 건조기색상 : 네이처에센스화이트 / 단품모델명 : 세탁기(FA25IJF), 건조기(RA25IJF) / 직렬 : ±700x1890x830mm / 출시가: 5,330,000원","strong: AI 건조, AI건조, AI 에너지절약, ai 에너지, AI에너지절약, AI 에너지, UP가전"
danawa,로봇청소기,삼성전자 비스포크 AI 스팀 울트라 직배수 VR90F01SAG (단품+소모품키트 4개),genuine,high,https://prod.danawa.com/info/?pcode=106758536,"로봇청소기 / 흡입+물걸레 / 센서 : ToF , 3D인식 , 카메라 , 자이로 , 적외선IR , 초음파 , 범퍼 / 흡입력 : 22,000Pa / 맵핑 : 3D , 복층 / 사용시간 : 3시간40분(최대) / AI사물인식 / AI바닥인식 / AI액체인식 / 장애물회피 / 낙하방지 / 문턱등반 / 오염도감지 / 스테이션 : 먼지비움 , 걸레세척(온수) , 걸레건조(온풍) , 걸레탈부착 , 직배수 , 물걸레100℃스팀살균 , 플레이트분리 , 스테이션청소 , 자동급수 , 먼지봉투살균 , 자동충전 / 문턱넘기 : 4.5cm / 통과높이 : 10cm / [흡입/물걸레] 브러쉬 : 메인2개 , 사이드로봇브러쉬 / 금지구역 / 구역지정 / 카펫부스트 / 흡입력조절 / 예약청소 / 브러쉬리프팅 / 물걸레리프팅 / 진공후물걸레 / 물걸레 : 회전형 / 물걸레확장암 / 색상 : 새틴그레이지 / 무게 : 4.3kg / 소모품키트 구성: 먼지봉투5매+물걸레4매+메인브러쉬1개+사이드브러쉬2개+필터2개 / 크기(가로x세로x깊이): 청소기 359x100x364mm 스테이션 410x320x513mm / 출시가: 2,040,000원","strong: 장애물 회피, AI사물인식, AI바닥인식, AI액체인식"
danawa,TV,"LG전자 올레드 evo AI OLED77C5FNA (스탠드+사운드바, S60TR)",genuine,high,https://prod.danawa.com/info/?pcode=96649010,OLED TV / 77인치(194cm) / 4K UHD / 주사율 : 120Hz / 에너지효율 : 4등급 / 2025년형 / [화질] 돌비비전 / HDR10 / HLG / 톤매핑 / HDMI2.1 / VRR(144Hz) / ALLM / HGIG / G-Sync Compatible / FreeSync / 게임모드 / [스마트] 넷플릭스 / 유튜브 / 미러링 / AI음성인식 / AI스마트홈 / AI콘텐츠추천 / AI스마트도우미 / AI실시간번역 / AI에너지절약모드 / [규격] HDMI(전체) : 3개 / 베사홀 : 300x200mm / 크기(가로x세로x깊이) : 1711x982(1035)x47(267)mm / 무게 : 23.5(27.1)kg,"strong: 콘텐츠추천, 음성 인식"
danawa,올인원PC,"삼성전자 올인원 PRO DM970AGA-L51A Win11Pro (16GB, M.2 1TB)",genuine,high,https://prod.danawa.com/info/?pcode=122618344,125H / Arc 그래픽스 / 윈도우11 프로 / 인텔 / 코어울트라 시리즈1 / 코어 울트라5 / 메테오레이크 / 인텔 AI Boost / 11TOPS / LPDDR5X / 16GB / M.2 / 1TB / INTEL / 화면크기 : 68.6cm(27인치) / 3840x2160 / 눈부심방지 / 스피커 내장형 / 1Gbps 유선 / 802.11ax(Wi-Fi 6E) 무선 / 블루투스 / USB3.x 5Gbps / 썬더볼트4 / 웹캠 / 마이크 내장 / DC / 일체형 / 6.9kg,"strong: TOPS, AI Boost"
danawa,로봇청소기,삼성전자 비스포크 AI 스팀 플러스 VR80F01ADG (단품+소모품키트),genuine,high,https://prod.danawa.com/info/?pcode=109599731,"로봇청소기 / 흡입+물걸레 / 센서 : ToF , 3D인식 , 카메라 , 범퍼 / 흡입력 : 10W(22,000Pa) / 맵핑 : 3D , 복층 / 사용시간 : 3시간40분(최대) / 사물인식 / AI바닥인식 / 장애물회피 / 낙하방지 / 문턱등반 / 스테이션 : 먼지비움 , 걸레세척(온수) , 걸레건조(온풍) , 걸레탈부착 , 물걸레100℃스팀살균 , 플레이트분리 , 스테이션청소 , 자동급수 , 자동충전 / 문턱넘기 : 4.5cm / [흡입/물걸레] 브러쉬 : 메인2개 , 사이드로봇브러쉬 / 금지구역 / 구역지정 / 카펫부스트 / 예약청소 / 브러쉬리프팅 / 물걸레리프팅 / 진공후물걸레 / 물걸레 : 회전형 / 물걸레확장암 / 색상 : 새틴그레이지 / 무게 : 4.3kg / 구성: 먼지봉투5매+물걸레4매+메인브러쉬1개+사이드브러쉬2개+필터2개 / 크기(가로x세로x깊이): 청소기 359x100x364mm 스테이션 444x520x510mm / 출시가: 1,760,000원","strong: 장애물 회피, AI바닥인식"
danawa,냉장고,삼성전자 비스포크 RM70F90R2ZD (전국무료),genuine,medium,https://prod.danawa.com/info/?pcode=78972326,양문형냉장고 / 총용량 : 905L / 4도어 / 냉장 : 539L / 냉동 : 366L / 2등급(25.03 기준) / 아이스메이커 : 트레이 / 큐브(각얼음) / AI절약모드 / 색상 : 에센셜화이트 / [신선/보관] 미세자동정온 / [디자인] 재질 : 에센셜(메탈) / 후면핸들포함크기(가로x세로x깊이): 912x1830x922mm / 후면핸들미포함크기(가로x세로x깊이): 912x1830x908mm,strong: AI절약모드
danawa,공기청정기,LG전자 오브제컬렉션 퓨리케어 AI 360˚ M7 AS356NSMA (무빙휠 포함),genuine,high,https://prod.danawa.com/info/?pcode=105182165,"공기청정기 / 34평(114㎡) / UV살균 / 초미세먼지제거 / 유해가스 제거 / 탈취 / 360도 필터 / 새집증후군물질제거 / 에너지효율 : 2등급 / [센서/모드] PM1.0(극초미세먼지) / 조도 / 가스(냄새) / 자동 / 펫 / 터보 / 절전모드 / 싱글청정 / 듀얼청정 / 필터인식센서 / [편의] 음성안내 / 필터점검/교체알림 / LG ThinQ / 자체기기점검 / UP가전 / 버튼잠금 / 타이머 / 풍량조절 / 청정도표시 / 미세먼지농도표시 / 클린부스터 / [인증] PA인증 / AI+인증 / CA인증 / BAF인증 / [규격] 소비전력 : 80W / 무게 : 20.6kg / 크기(가로x세로x깊이) : 377x1100x377mm / 출시가: 2,385,000원","strong: ThinQ, UP가전"
danawa,공기청정기,삼성전자 Infinite AI AP90H10198UDD,genuine,medium,https://prod.danawa.com/info/?pcode=106704317,"공기청정기 / 30평(100㎡) / UV살균 / 초미세먼지제거 / 유해가스 제거 / 탈취 / [센서/모드] 습도 / 온도 / PM1.0(극초미세먼지) / 조도 / 가스(냄새) / 자동 / 수면 / 터보 / 4way서라운드 청정 / 맞춤청정AI+ / CO2센서 / [편의] 음성안내 / 필터점검/교체알림 / 삼성 SmartThings / 소음 : 18dB / 이동식바퀴 / 풍량조절 / 청정도표시 / 미세먼지농도표시 / 무드등 / [인증] PA인증 / AI+인증 / CA인증 / [규격] 소비전력 : 70W / 무게 : 25.2kg / 크기(가로x세로x깊이) : 320x1070x320mm / 출시가: 1,899,000원",strong: SmartThings
danawa,세탁기,"삼성전자 비스포크 AI 콤보 WD80H25BHW (+수납함, WD80H25BHWN1)",genuine,high,https://prod.danawa.com/info/?pcode=108693854,"세탁건조기 / 세탁25kg,건조18kg / 세탁→건조 올인원 / 귀가시간 맞춤 세탁종료 / 옷감손상적은 인버터히트펌프 / 에너지: 1등급 / [성능] AI진동소음저감 / 세제자동투입 : 11단계 / 세제함 : 일반970ml + 유연제830ml (약 5.5주) / 스팀살균 / 미세플라스틱저감 코스 / 펫케어 코스 / 세제스캔 정량투입 / 쾌속코스 89분 / [조작/스마트] 원격제어 / 다이얼조작 / 디스플레이 : 71.1mm(2.8인치) / [관리편의] 통세척 / 자동열교환기세척 / [내구성] 강화유리도어 / 플라스틱리프터 / 내부조명 / 정면필터 / [색상/크기] 색상 : 화이트 / 크기(가로x세로x깊이) : 686×1,110×875mm / 수납함: 686x381x786mm / AI홈 / AI에너지절약 / AI세탁건조 / 출시가: 3,599,000원","strong: ai 세탁, 맞춤 세탁, AI세탁, AI 에너지절약, AI에너지절약, ai 에너지, AI 에너지"
danawa,건조기,LG전자 트롬 오브제컬렉션 워시콤보 FH25WA (기본형),genuine,high,https://prod.danawa.com/info/?pcode=40886363,"세탁건조기 / 세탁25kg,건조15kg / 세탁→건조 올인원 / 귀가시간 맞춤 세탁종료 / 옷감손상적은 인버터히트펌프 / 에너지: 1등급 / [성능] 세제자동투입 : 5단계 / 세제함 : 일반800ml + 유연제600ml (약 4.5주) / 미세플라스틱저감 코스 / 6모션 / [조작/스마트] 원격제어 / 다이얼+터치조작 / [관리편의] 통세척 / 자동열교환기세척 / [내구성] 강화유리도어 / 스테인리스리프터 / 내부조명 / 상단필터 / [색상/크기] 색상 : 화이트 / 크기(가로x세로x깊이) : 700×990×830mm / AI세탁건조 / AI에너지절약 / 출시가: 4,345,000원","strong: AI 에너지절약, ai 에너지, AI에너지절약, AI 에너지"
danawa,건조기,LG전자 트롬 RH18WTSN,genuine,high,https://prod.danawa.com/info/?pcode=19550933,"건조기 / 건조 : 18kg / 건조:1등급 / [건조/관리] AI건조 / 옷감손상이 적은 히트펌프 건조 / 패딩리프레쉬 / 아웃도어리프레쉬 / 6모션 / 통살균 / 듀얼인버터DD모터 / 콘덴서관리 : 자동관리 , 수동케어코스 / [조작] 다이얼+LED터치 / 코스연동 / 앱연동 / 스마트코스추천 / 다운로드코스 / [규격/설치] 색상 : 화이트 / 크기(가로x세로x깊이): 700x990x820mm / 글라스도어+실버림 / LG전자 대형용량: 18~25kg / 출시가: 1,100,000원","strong: AI 건조, AI건조 | weak: 앱 연동"
danawa,건조기,삼성전자 비스포크 AI 콤보 WD90F25AHT (기본형),genuine,high,https://prod.danawa.com/info/?pcode=77965100,"세탁건조기 / 세탁25kg,건조18kg / 세탁→건조 올인원 / 귀가시간 맞춤 세탁종료 / 건조시간이 빠른 인버터히트펌프+히터 / 에너지: 1등급 / [성능] AI진동소음저감 / 세제자동투입 : 11단계 / 세제함 : 일반970ml + 유연제830ml (약 5.5주) / 미세플라스틱저감 코스 / 세제스캔 정량투입 / 펫케어 코스 / 스팀살균 / 쾌속코스 79분 / [조작/스마트] 풀터치조작 / 원격제어 / 음성명령 / 디스플레이 : 177.8mm(7인치) / [관리편의] 열풍내부살균 / 통세척 / 자동열교환기세척 / 오토오픈도어+ / [내구성] 강화유리도어 / 플라스틱리프터 / 내부조명 / 정면필터 / [색상/크기] 색상 : 실버스틸 / 크기(가로x세로x깊이) : 686×1,110×875mm / AI세탁건조 / AI에너지절약 / AI홈","strong: AI 에너지절약, ai 에너지, AI에너지절약, AI 에너지"
danawa,노트북,LG전자 2026 그램 프로16 16Z90U-KU7WK (SSD 3TB),genuine,high,https://prod.danawa.com/info/?pcode=103601357,"AI노트북 / 40.6cm(16인치) / 1.19kg / 윈도우11홈 / [화면정보] 해상도 : 2880x1800(WQXGA+) / 주사율 : 120Hz / [CPU] 인텔 / 코어 울트라X7(S3) / 358H (4.8GHz) / NPU : 47TOPS / [그래픽] 내장그래픽 / Arc B390 / 12core / [램] 램 : 32GB / 램 교체 : 불가능 / 용량 : 3TB / 저장 슬롯 : 2개 / 전원 : USB-PD / 배터리 : 77Wh / 용도 : 사무/인강용 , 휴대용","strong: TOPS, NPU"
danawa,냉장고,LG전자 디오스 AI 오브제컬렉션 S836MRQ112 (수도권 무료),genuine,medium,https://prod.danawa.com/info/?pcode=94934750,양문형냉장고 / 총용량 : 832L / 2도어 / 냉장 : 524L / 냉동 : 308L / 2등급(25.06 기준) / 홈바 : 매직스페이스 / 아이스메이커 : 분리 / 큐브(각얼음) / AI절약모드 / 오토클로징 / 색상 : (상단) 크림그레이 (하단) 에센스화이트 / [신선/보관] 위생 : 탈취 / 도어쿨링 / 미세자동정온 / 급속냉동 / [디자인] 재질 : 메탈 / 크기(가로x세로x깊이): 913x1790x913mm,strong: AI절약모드
danawa,공기청정기,삼성전자 Infinite AI AP90H03193UGD (1개),genuine,medium,https://prod.danawa.com/info/?pcode=106481861,"공기청정기 / 10평(33㎡) / UV살균 / 초미세먼지제거 / 유해가스 제거 / 탈취 / [센서/모드] PM1.0(극초미세먼지) / 조도 / 가스(냄새) / 자동 / 수면 / 4way서라운드 청정 / 맞춤청정AI+ / CADR : 120㎥ / [편의] 필터점검/교체알림 / 삼성 SmartThings / 소음 : 18dB / 풍량조절 / 청정도표시 / 미세먼지농도표시 / 그 외 기능 / [인증] PA인증 / AI+인증 / CA인증 / [규격] 소비전력 : 19W / 무게 : 11.8kg / 크기(가로x세로x깊이) : 320x545x320mm / 출시가: 1,049,000원",strong: SmartThings
danawa,올인원PC,"삼성전자 올인원 PRO DM970AGA-L51A (16GB, M.2 256GB + M.2 1TB)",genuine,high,https://prod.danawa.com/info/?pcode=61442072,125H / Arc 그래픽스 / 윈도우11 / 인텔 / 코어울트라 시리즈1 / 코어 울트라5 / 메테오레이크 / 인텔 AI Boost / 11TOPS / LPDDR5X / 16GB / M.2 / 256GB + 1TB / INTEL / 화면크기 : 68.6cm(27인치) / 3840x2160 / 눈부심방지 / 스피커 내장형 / 1Gbps 유선 / 802.11ax(Wi-Fi 6E) 무선 / 블루투스 / USB3.x 5Gbps / 썬더볼트4 / 웹캠 / 마이크 내장 / DC / 일체형 / 6.9kg / 구성변경상품,"strong: TOPS, AI Boost"
danawa,올인원PC,"삼성전자 올인원 PRO DM970AGA-L51AG Win11Pro (16GB, M.2 512GB)",genuine,high,https://prod.danawa.com/info/?pcode=122618393,125H / Arc 그래픽스 / 윈도우11 프로 / 185W / 인텔 / 코어울트라 시리즈1 / 코어 울트라5 / 메테오레이크 / 인텔 AI Boost / 11TOPS / LPDDR5X / 16GB / M.2 / 512GB / INTEL / 화면크기 : 68.6cm(27인치) / 3840x2160 / 눈부심방지 / 스피커 내장형 / 1Gbps 유선 / 802.11ax(Wi-Fi 6E) 무선 / 블루투스 / USB3.x 5Gbps / 썬더볼트4 / 웹캠 / 마이크 내장 / DC / 일체형 / 6.9kg,"strong: TOPS, AI Boost"
danawa,냉장고,삼성전자 비스포크 키친핏 Max RM70F63R2XJ (수도권 무료),genuine,medium,https://prod.danawa.com/info/?pcode=95850233,양문형냉장고 / 총용량 : 640L / 4도어 / 냉장 : 399L / 냉동 : 241L / 2등급(25.03 기준) / 아이스메이커 : 트레이 / 큐브(각얼음) / AI절약모드 / 색상 : (상단) 새틴화이트 (하단) 새틴베이지 / [신선/보관] 미세자동정온 / [디자인] 재질 : 새틴(무광글라스) / 후면핸들포함크기(가로x세로x깊이): 912x1853x697mm / 후면핸들미포함크기(가로x세로x깊이): 912x1853x683mm,strong: AI절약모드
danawa,로봇청소기,삼성전자 비스포크 AI 스팀 울트라 직배수 VR90F01SAG (단품),genuine,high,https://prod.danawa.com/info/?pcode=108367196,"로봇청소기 / 흡입+물걸레 / 센서 : ToF , 3D인식 , 카메라 , 자이로 , 적외선IR , 초음파 , 범퍼 / 흡입력 : 22,000Pa / 맵핑 : 3D , 복층 / 사용시간 : 3시간40분(최대) / AI사물인식 / AI바닥인식 / AI액체인식 / 장애물회피 / 낙하방지 / 문턱등반 / 오염도감지 / 스테이션 : 먼지비움 , 걸레세척(온수) , 걸레건조(온풍) , 걸레탈부착 , 직배수 , 물걸레100℃스팀살균 , 플레이트분리 , 스테이션청소 , 자동급수 , 먼지봉투살균 , 자동충전 / 문턱넘기 : 4.5cm / 색상 : 새틴그레이지 / 통과높이 : 10cm / 무게 : 4.3kg / [흡입/물걸레] 브러쉬 : 메인2개 , 사이드로봇브러쉬 / 금지구역 / 구역지정 / 카펫부스트 / 흡입력조절 / 예약청소 / 브러쉬리프팅 / 물걸레리프팅 / 진공후물걸레 / 물걸레 : 회전형 / 물걸레확장암 / 크기(가로x세로x깊이): 청소기 359x100x364mm 스테이션 410x320x513mm / 출시가: 2,040,000원","strong: 장애물 회피, AI사물인식, AI바닥인식, AI액체인식"
danawa,세탁기,LG전자 트롬 AI 오브제컬렉션 워시타워 WA2525GEHF,genuine,high,https://prod.danawa.com/info/?pcode=82630370,"드럼세탁기+건조기 / 일체형 / 세탁 : 25kg / 건조 : 25kg / 세제자동투입 / 스팀살균 / 세탁물케어 / 세탁:1등급 / 건조:1등급 / [세탁/건조] AI세탁 / AI건조 / AI에너지절약 / 듀얼인버터DD건조모터 / 콘덴서관리 : 자동 / [조작/편의] 조작부 : 올인원컨트롤(와이드터치스크롤) / 일체형조작부 / UP가전 / 스마트폰제어 / [규격] 세탁기색상 : 네이처그린 / 건조기색상 : 네이처베이지 / 단품모델명 : 세탁기(FA25GJF), 건조기(RA25EJF) / 직렬 : ±700x1890x830mm / 출시가: 5,330,000원","strong: ai 세탁, AI세탁, AI 에너지절약, AI에너지절약, ai 에너지, AI 에너지, UP가전"
danawa,냉장고,LG전자 디오스 AI 오브제컬렉션 S836MRQ112 (사업자전용),genuine,medium,https://prod.danawa.com/info/?pcode=102356192,양문형냉장고 / 총용량 : 832L / 2도어 / 냉장 : 524L / 냉동 : 308L / 2등급(25.06 기준) / 홈바 : 매직스페이스 / 아이스메이커 : 분리 / 큐브(각얼음) / AI절약모드 / 오토클로징 / 색상 : (상단) 크림그레이 (하단) 에센스화이트 / [신선/보관] 위생 : 탈취 / 도어쿨링 / 미세자동정온 / 급속냉동 / [디자인] 재질 : 메탈 / 크기(가로x세로x깊이): 913x1790x913mm,strong: AI절약모드
danawa,세탁기,삼성전자 비스포크 AI 콤보 WD90H25AHS (기본형),genuine,high,https://prod.danawa.com/info/?pcode=108463673,"세탁건조기 / 세탁25kg,건조20kg / 귀가시간 맞춤 세탁종료 / 세탁→건조 올인원 / 건조시간이 빠른 인버터히트펌프+히터 / 에너지: 1등급 / [성능] AI진동소음저감 / 세제자동투입 : 11단계 / 세제함 : 일반970ml + 유연제830ml (약 5.5주) / 미세플라스틱저감 코스 / 세제스캔 정량투입 / 스팀살균 / 펫케어 코스 / 쾌속코스 69분 / [조작/스마트] 풀터치조작 / 음성명령 / 원격제어 / 디스플레이 : 177.8mm(7인치) / [관리편의] 자동열교환기세척 / 열풍내부살균 / 통세척 / 오토오픈도어+ / [내구성] 강화유리도어 / 플라스틱리프터 / 내부조명 / 정면필터 / [색상/크기] 색상 : 다크스틸 / 크기(가로x세로x깊이) : 686×1,110×875mm / AI에너지절약 / AI홈 / AI세탁건조 / 출시가: 4,299,000원","strong: ai 세탁, 맞춤 세탁, AI세탁, AI 에너지절약, AI에너지절약, ai 에너지, AI 에너지"
danawa,모니터,알파스캔 AOC Q27G4S 게이밍 300 QHD FAST IPS 프리싱크 AI HDR 400 무결점,washing,high,https://prod.danawa.com/info/?pcode=99733253,"모니터 / 68.5cm(27인치) / QHD(2560 x 1440) / 300Hz / Fast IPS / 와이드(16:9) / 평면 / 0.3ms(MPRT) / 450nits / 1,000:1 / VESA HDR 400 / 헤드폰 아웃 / 피벗(회전) / 엘리베이션(높낮이) / 틸트(상하) / 스위블(좌우) / 5.33kg / [색상영역] sRGB : 124% / Adobe RGB : 105% / DCI-P3 : 96% / NTSC : 106% / [게임특화] 조준선 표시 / 인풋랙 제어 / 블랙 이퀄라이저 / Adaptive Sync / G-Sync 호환 / G-Sync 호환(NVIDIA인증) / FreeSync / [단자정보] HDMI 2.1 / DP 1.4",없음
danawa,모니터,알파스캔 AOC Q27G42ZE 게이밍 260 QHD FAST IPS 프리싱크 AI HDR 무결점,washing,high,https://prod.danawa.com/info/?pcode=99555224,"모니터 / 68.5cm(27인치) / QHD(2560 x 1440) / 260Hz / Fast IPS / 와이드(16:9) / 평면 / 0.3ms(MPRT) / 350nits / 1,000:1 / HDR10 / 헤드폰 아웃 / 틸트(상하) / 3.84kg / [색상영역] 10bit (8bit + FRC) / sRGB : 120% / Adobe RGB : 105% / DCI-P3 : 98% / NTSC : 107% / [게임특화] 조준선 표시 / 인풋랙 제어 / 블랙 이퀄라이저 / Adaptive Sync / G-Sync 호환 / FreeSync / [단자정보] HDMI 2.0 / DP 1.4",없음
danawa,로봇청소기,삼성전자 비스포크 AI 스팀 플러스 직배수 VR80F01SDG (단품+소모품키트+리폼),genuine,high,https://prod.danawa.com/info/?pcode=108419639,"로봇청소기 / 흡입+물걸레 / 센서 : 3D인식 , 범퍼 , ToF , 카메라 / 흡입력 : 10W(22,000Pa) / 맵핑 : 복층 , 3D / 사용시간 : 3시간40분(최대) / 장애물회피 / 낙하방지 / AI바닥인식 / 사물인식 / 문턱등반 / 스테이션 : 물걸레100℃스팀살균 , 플레이트분리 , 자동급수 , 걸레건조(온풍) , 걸레세척(온수) , 걸레탈부착 , 자동충전 , 직배수 , 먼지비움 , 스테이션청소 / 문턱넘기 : 4.5cm / 색상 : 새틴그레이지 / 무게 : 4.3kg / [흡입/물걸레] 브러쉬 : 메인2개 , 사이드로봇브러쉬 / 물걸레리프팅 / 진공후물걸레 / 구역지정 / 예약청소 / 금지구역 / 브러쉬리프팅 / 카펫부스트 / 물걸레 : 회전형 / 물걸레확장암 / 구성: 먼지봉투5매+물걸레4매+메인브러쉬1개+사이드브러쉬2개+필터2개 / 크기(가로x세로x깊이): 청소기 359x100x364mm 스테이션 410x320x513mm / 출시가: 2,160,000원","strong: 장애물 회피, AI바닥인식"
danawa,TV,LG전자 QNED evo AI 75QNED80BEA (스탠드),genuine,high,https://prod.danawa.com/info/?pcode=122622067,"미니LED TV / 75인치(189cm) / 4K UHD / 주사율 : 60Hz / 에너지효율 : 1등급 / 2026년형 / [화질] HDR10 / HDR자동조절 / HLG / 톤매핑 / VRR(60Hz) / ALLM / HGIG / 게임모드 / [스마트] 넷플릭스 / 유튜브 / 미러링 / AI음성인식 / AI스마트홈 / AI콘텐츠추천 / AI스마트도우미 / AI실시간번역 / AI에너지절약모드 / AI축구모드 / [규격] HDMI(전체) : 3개 / 베사홀 : 300x200mm / 크기(가로x세로x깊이) : 1677x962(1026)x67(361)mm / 무게 : 21.2(21.6)kg / 출시가: 3,090,000원","strong: 콘텐츠추천, 음성 인식"
danawa,올인원PC,"삼성전자 올인원 PRO DM970AGA-L51AR (32GB, M.2 4TB)",genuine,high,https://prod.danawa.com/info/?pcode=73121774,125H / Arc 그래픽스 / 윈도우11 / 인텔 / 코어울트라 시리즈1 / 코어 울트라5 / 메테오레이크 / 인텔 AI Boost / 11TOPS / LPDDR5X / 32GB / M.2 / 4TB / INTEL / 화면크기 : 68.6cm(27인치) / 3840x2160 / 눈부심방지 / 스피커 내장형 / 1Gbps 유선 / 802.11ax(Wi-Fi 6E) 무선 / 블루투스 / USB3.x 5Gbps / 썬더볼트4 / 웹캠 / 마이크 내장 / DC / 일체형 / 6.9kg / 구성변경상품,"strong: TOPS, AI Boost"
danawa,청소기,LG전자 오브제컬렉션 코드제로 AI A9 AI948WA,genuine,medium,https://prod.danawa.com/info/?pcode=90111164,"핸디스틱청소기 / 무선 / 흡입+물걸레(동시) / 물걸레 : 포함 / 스마트인버터모터 / 흡입력 : 320W / 사용시간 : 30분(최대) / 스테이션 : 먼지비움 , 액세서리수납 , 충전 , 스탠드거치 / 먼지비움시간 : 30초 / 먼지봉투 : 2.5L / LED라이트 / 오토스탑앤고 / AI청소 / 자동물공급 / [흡입구] 와이드 / 추가브러쉬 : 솔형브러쉬 , 틈새브러쉬 / 스팀 / [색상/크기] 색상 : 카밍베이지 / 무게 : 2.54kg / 크기(가로x세로x깊이): 300x1100x245mm",strong: AI청소
danawa,모니터,알파스캔 AOC Q27G40ZDF 게이밍 OLED 240 QHD 지싱크 AI HDR 무결점,washing,high,https://prod.danawa.com/info/?pcode=106702052,"모니터 / 67.3cm(27인치) / QHD(2560 x 1440) / 240Hz / QD-OLED / 와이드(16:9) / 평면 / 0.03ms(GTG) / 400nits / 1,500,000:1 / HDR10 / 헤드폰 아웃 / 틸트(상하) / 4.96kg / [색상영역] 10bit True / sRGB : 147% / Adobe RGB : 118% / DCI-P3 : 110% / NTSC : 120% / [게임특화] 조준선 표시 / 인풋랙 제어 / 블랙 이퀄라이저 / Adaptive Sync / G-Sync 호환(NVIDIA인증) / [단자정보] HDMI 2.0 / DP 1.4",없음
danawa,에어컨,삼성전자 비스포크 AI 무풍콤보 AR60F07D11WS ((수도권)기본설치비 포함),genuine,medium,https://prod.danawa.com/info/?pcode=122650315,"벽걸이에어컨 / 냉방면적 : 7평(23.1㎡) / 2025년형 / AI운전(환경,패턴) / 에너지 : 1등급 / [성능] 냉방능력 : 3.0kW / 소비전력 : 0.70kW / 인버터 / [편의] 스마트폰제어 / 상하좌우바람 / 자동건조 / 열교환기세척 / 필터청소알림 / 간접냉방(무풍) / 기능업데이트 / 자기진단 / [규격] 크기(가로x세로x깊이): 820x299x215mm",strong: AI운전
danawa,TV,"LG전자 QNED AI 75QNED65ABA (벽걸이+사운드바, S40T)",genuine,high,https://prod.danawa.com/info/?pcode=95203421,"QNED TV / 75인치(189cm) / 4K UHD / 주사율 : 60Hz / 에너지효율 : 1등급 / 2025년형 / [화질] HDR10 / HLG / VRR(60Hz) / ALLM / HGIG / 게임모드 / [스마트] 넷플릭스 / 유튜브 / 미러링 / AI음성인식 / AI스마트홈 / AI콘텐츠추천 / AI스마트도우미 / AI실시간번역 / AI에너지절약모드 / [규격] HDMI(전체) : 2개 / 베사홀 : 400x300mm / 크기(가로x세로x깊이) : 1677x965x31mm / 무게 : 33.0kg / 출시가: 3,339,000원","strong: 콘텐츠추천, 음성 인식"
danawa,올인원PC,"삼성전자 올인원 PRO DM970AGA-L51AG Win11Pro (16GB, M.2 256GB)",genuine,high,https://prod.danawa.com/info/?pcode=122618392,125H / Arc 그래픽스 / 윈도우11 프로 / 185W / 인텔 / 코어울트라 시리즈1 / 코어 울트라5 / 메테오레이크 / 인텔 AI Boost / 11TOPS / LPDDR5X / 16GB / M.2 / 256GB / INTEL / 화면크기 : 68.6cm(27인치) / 3840x2160 / 눈부심방지 / 스피커 내장형 / 1Gbps 유선 / 802.11ax(Wi-Fi 6E) 무선 / 블루투스 / USB3.x 5Gbps / 썬더볼트4 / 웹캠 / 마이크 내장 / DC / 일체형 / 6.9kg,"strong: TOPS, AI Boost"
danawa,노트북,LG전자 2026 그램 프로16 16Z90U-KU7WK (SSD 2TB),genuine,high,https://prod.danawa.com/info/?pcode=103482035,"AI노트북 / 40.6cm(16인치) / 1.19kg / 윈도우11홈 / [화면정보] 해상도 : 2880x1800(WQXGA+) / 주사율 : 120Hz / [CPU] 인텔 / 코어 울트라X7(S3) / 358H (4.8GHz) / NPU : 47TOPS / [그래픽] 내장그래픽 / Arc B390 / 12core / [램] 램 : 32GB / 램 교체 : 불가능 / 용량 : 2TB / 저장 슬롯 : 2개 / 전원 : USB-PD / 배터리 : 77Wh / 용도 : 휴대용 , 사무/인강용","strong: TOPS, NPU"
danawa,모니터,주연테크 X24QF180 QHD IPS 프리싱크 AI HDR 무결점,washing,high,https://prod.danawa.com/info/?pcode=105181940,"모니터 / 60.4cm(24인치) / QHD(2560 x 1440) / 180Hz / Fast IPS / 와이드(16:9) / 평면 / 0.5ms(MPRT) / 300nits / 1,000:1 / HDR10 / 틸트(상하) / 2.88kg / [색상영역] sRGB : 100% / NTSC : 72% / [게임특화] 조준선 표시 / FreeSync / [단자정보] HDMI 2.0 / DP",없음
danawa,프린터,망고슬래브 네모닉 AI,washing,high,https://prod.danawa.com/info/?pcode=59090219,"라벨프린터 / 휴대형 / 감열식 / 일반/사무용 / [출력] 흑백(모노) 출력 / PC연결 / 안드로이드 / iOS / 출력대상 : 롤 라벨지 / 203dpi / [용지] 용지 폭 : 72mm / 컷팅 : 자동컷팅 / [연결/부가기능] 인터페이스 : USB , 블루투스 / 한글출력 / Mac지원 / 모바일 출력 / 네모닉 AI 전용 앱 / 강점착 메모지",없음
danawa,전자레인지,삼성전자 비스포크 AI CC80H63U1HS (빌트인),genuine,medium,https://prod.danawa.com/info/?pcode=122620625,"인덕션 / 빌트인 / 화구수 : 3구 / 소비전력 : 3400W / 스마트폰제어 / 밀키트스캔쿡 / 자동맞춤요리 / 끓음감지 / 기능 : 터보모드 , DNC저소음 / 안전장치 : 타이머 , 잔열표시 , 버튼잠금 , 과열감지 , 일시정지 , 용기없음인식 , 일시낮춤 / 터치 / 세라믹글라스 / 에너지 : 1등급 / [최대출력] 대: 3400W, 중: 2600W, 소: 1500W / LCD알림창 / 타공치수(가로x세로): 560x480mm / 크기(가로x세로x높이): 600x520x48mm",strong: 밀키트스캔쿡 | weak: 자동맞춤요리
danawa,냉장고,LG전자 디오스 AI 오브제컬렉션 S656P003 (전국무료),genuine,medium,https://prod.danawa.com/info/?pcode=95933222,"양문형냉장고 / 총용량 : 661L / 2도어 / 냉장 : 321L / 냉동 : 240L / 3등급(25.06 기준) / 아이스메이커 : 미탑재 / AI절약모드 / 색상 : 프라임실버 / [신선/보관] 위생 : 탈취 , 탈취(반영구) / 미세자동정온 / [디자인] 재질 : 메탈 / 크기(가로x세로x깊이): 913x1790x735mm / 출시가: 1,980,000원",strong: AI절약모드
danawa,냉장고,삼성전자 비스포크 RM70F90R1ZD (전국무료),genuine,medium,https://prod.danawa.com/info/?pcode=100189472,양문형냉장고 / 총용량 : 905L / 4도어 / 냉장 : 539L / 냉동 : 366L / 1등급(25.11 기준) / 아이스메이커 : 트레이 / 큐브(각얼음) / AI절약모드 / 색상 : 에센셜화이트 / [신선/보관] [디자인] 재질 : 에센셜(메탈) / 후면핸들포함크기(가로x세로x깊이): 912x1830x922mm / 후면핸들미포함크기(가로x세로x깊이): 912x1830x908mm,strong: AI절약모드
danawa,모니터,알파스캔 콘퀘스트 32Q50G 게이밍 QHD 180 FAST IPS 지싱크 Ai HDR 멀티스탠드 스피커 무결점,washing,high,https://prod.danawa.com/info/?pcode=122618297,"모니터 / 80cm(32인치) / QHD(2560 x 1440) / 180Hz / Fast IPS / 와이드(16:9) / 평면 / 1ms(GTG) / 400nits / 1,000:1 / HDR10 / 스피커 내장 / 헤드폰 아웃 / USB PD 지원 / 피벗(회전) / 엘리베이션(높낮이) / 틸트(상하) / 스위블(좌우) / 9.1kg / [색상영역] sRGB : 130% / Adobe RGB : 97% / DCI-P3 : 96% / NTSC : 93% / [게임특화] 조준선 표시 / 블랙 이퀄라이저 / Adaptive Sync / G-Sync 호환 / FreeSync / [단자정보] HDMI 2.0 / DP / DP 1.4",없음
danawa,에어컨,삼성전자 비스포크 무풍 윈도우핏 AW06C7155TWAZ (무료설치),genuine,medium,https://prod.danawa.com/info/?pcode=20260748,"창문형에어컨 / 냉방면적 : 6평(19.2㎡) / 2023년형 / AI운전(환경,패턴) / 에너지 : 1등급 / [성능] 냉방능력 : 2.36kW / 소비전력 : 0.86kW / 인버터 / [편의] 간접냉방(무풍) / 스마트폰제어 / 자기진단 / 필터청소알림 / 자가증발 / [규격] 설치높이 : 90cm~145cm / 제습량: 34.3L / 크기(가로x세로x깊이): 402x750x288mm / 출시가: 1,140,000원",strong: AI운전
danawa,노트북,LG전자 2026 그램 프로16 16Z95U-GS5WK (SSD 512GB),genuine,high,https://prod.danawa.com/info/?pcode=103451483,"AI노트북 / 40.6cm(16인치) / 1.199kg / 최대 27시간 / 윈도우11홈 / [화면정보] 해상도 : 2560x1600(WQXGA) / 주사율 : 144Hz / [CPU] AMD / 라이젠AI 5 / 435 (4.5GHz) / NPU : 50TOPS / [그래픽] 내장그래픽 / Radeon 840M / 4core / [구성] 램 : 16GB / 램 교체 : 불가능 / 용량 : 512GB / 저장 슬롯 : 2개 / 전원 : USB-PD / 배터리 : 77Wh / 용도 : 사무/인강용 , 휴대용 / 출시가: 2,690,000원","strong: TOPS, NPU"
danawa,올인원PC,"삼성전자 올인원 PRO DM970AGA-L71A (16GB, M.2 2TB)",genuine,high,https://prod.danawa.com/info/?pcode=70001678,155H / Arc 그래픽스 / 윈도우11 / 인텔 / 코어울트라 시리즈1 / 코어 울트라7 / 메테오레이크 / 인텔 AI Boost / 11TOPS / LPDDR5X / 16GB / M.2 / 2TB / INTEL / 화면크기 : 68.6cm(27인치) / 3840x2160 / 눈부심방지 / 스피커 내장형 / 1Gbps 유선 / 802.11ax(Wi-Fi 6E) 무선 / 블루투스 / USB3.x 5Gbps / 썬더볼트4 / 웹캠 / 마이크 내장 / DC / 일체형 / 6.9kg / 구성변경상품,"strong: TOPS, AI Boost"
danawa,세탁기,삼성전자 그랑데 AI WF21CB6650BW + DV17CB6600BW,genuine,high,https://prod.danawa.com/info/?pcode=30766856,드럼세탁기+건조기 / 분리형 / 세탁 : 21kg / 건조 : 17kg / 세탁:1등급 / 건조:1등급 / [세탁/건조] AI세탁 / AI에너지절약 / AI건조 / 인버터건조모터 / 콘덴서관리 : 수동 / [조작/편의] 조작부 : 심플컨트롤(다이얼+터치) / 건조기 조작부 : 심플컨트롤(다이얼+터치) / 리모컨 / 스마트폰제어 / 스마트싱스 / [규격] 세탁기색상 : 화이트 / 건조기색상 : 화이트 / 세트모델명 : WF21CB6650BW7N / 직렬 : ±686x1998x840mm / 병렬 : ±1392x984x840mm,"strong: ai 세탁, AI세탁, AI 에너지절약, AI에너지절약, ai 에너지, AI 에너지"
danawa,로봇청소기,삼성전자 비스포크 AI 스팀 울트라 직배수 VR90F01SAG (단품+소모품키트+리폼),genuine,high,https://prod.danawa.com/info/?pcode=106758623,"로봇청소기 / 흡입+물걸레 / 센서 : ToF , 3D인식 , 카메라 , 자이로 , 적외선IR , 초음파 , 범퍼 / 흡입력 : 22,000Pa / 맵핑 : 3D , 복층 / 사용시간 : 3시간40분(최대) / AI사물인식 / AI바닥인식 / AI액체인식 / 장애물회피 / 낙하방지 / 문턱등반 / 오염도감지 / 스테이션 : 먼지비움 , 걸레세척(온수) , 걸레건조(온풍) , 걸레탈부착 , 직배수 , 물걸레100℃스팀살균 , 플레이트분리 , 스테이션청소 , 자동급수 , 먼지봉투살균 , 자동충전 / 문턱넘기 : 4.5cm / 통과높이 : 10cm / [흡입/물걸레] 브러쉬 : 메인2개 , 사이드로봇브러쉬 / 금지구역 / 구역지정 / 카펫부스트 / 흡입력조절 / 예약청소 / 브러쉬리프팅 / 물걸레리프팅 / 진공후물걸레 / 물걸레 : 회전형 / 물걸레확장암 / 색상 : 새틴그레이지 / 무게 : 4.3kg / 소모품키트 구성: 먼지봉투5매+물걸레4매+메인브러쉬1개+사이드브러쉬2개+필터2개 / 크기(가로x세로x깊이): 청소기 359x100x364mm 스테이션 410x320x513mm / 출시가: 2,260,000원","strong: 장애물 회피, AI사물인식, AI바닥인식, AI액체인식"
danawa,스마트폰,"삼성전자 갤럭시Z 플립7 512GB, 자급제 (삼성닷컴 전용컬러)",genuine,high,https://prod.danawa.com/info/?pcode=93858674,"스마트폰(폴더블) / 화면:17.4cm(6.9인치) / 120Hz / 외부화면:10.48cm(4.1인치) / 램 : 12GB / 용량 : 512GB / [프로세서/AI] 엑시노스2500 / AP CPU : 85점 / AP 게이밍 : 71점 / AI TOPS : 59TOPS / [카메라] 후면:5,000만화소+1,200만화소 / 전면:1,000만화소 / [배터리/규격] USB3.2 / 4,300mAh / 최대충전 : 25W / 무선:최대15W / 방수 : IP48 / 가로 : 75.2mm / 세로 : 166.7mm / 두께 : 6.5mm / 무게 : 188g / 출시가: 1,643,400원","strong: TOPS, AI TOPS | neg: 스마트(-0.18)"
danawa,냉장고,LG전자 디오스 AI 오브제컬렉션 Fit & Max M616GBB0M1 (전국무료),genuine,medium,https://prod.danawa.com/info/?pcode=94205543,"양문형냉장고 / 총용량 : 609L / 4도어 / 냉장 : 380L / 냉동 : 229L / 1등급(25.07 기준) / 아이스메이커 : 트레이 / 큐브(각얼음) / AI절약모드 / 색상 : 베이지 / [신선/보관] 위생 : 탈취(반영구) , UV , 제균 , 광촉매 / 도어쿨링 / 미세자동정온 / 급속냉동 / [디자인] 재질 : 미스트(무광글라스) / 크기(가로x세로x깊이): 914x1860x698mm",strong: AI절약모드
danawa,건조기,삼성전자 DV90T5540BV,genuine,high,https://prod.danawa.com/info/?pcode=11715023,건조기 / 건조 : 9kg / 건조:1등급 / [건조/관리] AI건조 / 옷감손상이 적은 히트펌프 건조 / 에어살균 / 통살균 / 양방향도어 / 인버터모터 / [조작] 다이얼+LED / 코스연동 / 앱연동 / [규격/설치] 색상 : 블랙케비어 / 크기(가로x세로x깊이): 600x850x650mm / 틴트글라스도어 / 삼성전자 소형용량: 9~10kg,"strong: AI 건조, AI건조 | weak: 앱 연동"
danawa,태블릿,삼성전자 갤럭시탭S11 (128GB),genuine,high,https://prod.danawa.com/info/?pcode=96985325,"태블릿PC / Wi-Fi / 11인치 / D-AMOLED 2X / 120Hz / 램 : 12GB / 용량 : 128GB / microSD지원 / [프로세서/AI] 디멘시티 9400+ / AP CPU : 90점 / AP 게이밍 : 84점 / AI TOPS : 50 TOPS / [카메라] 후면카메라 : 싱글 / 전면카메라 : 싱글 / [배터리/규격] USB3.2 / 8,400mAh / 최대충전 : 45W / 방수 : IP68 / 가로 : 253.8mm / 세로 : 165.3mm / 두께 : 5.5mm / 무게 : 469g / 출시가: 998,800원","strong: TOPS, AI TOPS"
danawa,냉장고,LG전자 디오스 AI 오브제컬렉션 T875MEE011 (수도권 무료),genuine,medium,https://prod.danawa.com/info/?pcode=122626369,"양문형냉장고 / 총용량 : 870L / 4도어 / 냉장 : 503L / 냉동 : 367L / 1등급(25.07 기준) / 아이스메이커 : 트레이 / 큐브(각얼음) / AI절약모드 / 오토클로징 / 색상 : 베이지 / [신선/보관] 위생 : 탈취 / 미세자동정온 / 급속냉동 / [디자인] 재질 : 네이처(메탈) / 크기(가로x세로x깊이): 914x1787x918mm / 출시가: 2,650,000원",strong: AI절약모드
danawa,건조기,삼성전자 그랑데 AI WF25DG8650BV + DV21DG8600BV,genuine,high,https://prod.danawa.com/info/?pcode=75933608,"드럼세탁기+건조기 / 분리형 / 세탁 : 25kg / 건조 : 21kg / 세탁:1등급 / 건조:1등급 / [세탁/건조] AI건조 / AI세탁 / AI에너지절약 / 인버터건조모터 / 콘덴서관리 : 수동 / [조작/편의] 조작부 : 심플컨트롤(다이얼+터치) / 건조기 조작부 : 심플컨트롤(다이얼+터치) / 리모컨 / 스마트싱스 / 스마트폰제어 / [규격] 세탁기색상 : 블랙캐비어 / 건조기색상 : 블랙캐비어 / 세트모델명 : WF25DG8650BV2T / 직렬 : ±686x1998x875mm / 병렬 : ±1392x984x875mm / 출시가: 3,308,000원","strong: AI 건조, AI건조, AI 에너지절약, ai 에너지, AI에너지절약, AI 에너지"
danawa,로봇청소기,삼성전자 비스포크 AI 스팀 플러스 VR80F01ADG (단품),genuine,high,https://prod.danawa.com/info/?pcode=106758077,"로봇청소기 / 흡입+물걸레 / 센서 : ToF , 범퍼 , 3D인식 , 카메라 / 흡입력 : 10W(22,000Pa) / 맵핑 : 복층 , 3D / 사용시간 : 3시간40분(최대) / 사물인식 / 문턱등반 / AI바닥인식 / 낙하방지 / 장애물회피 / 스테이션 : 걸레탈부착 , 자동급수 , 플레이트분리 , 먼지비움 , 걸레건조(온풍) , 물걸레100℃스팀살균 , 걸레세척(온수) , 스테이션청소 , 자동충전 / 문턱넘기 : 4.5cm / 색상 : 새틴그레이지 / 무게 : 4.3kg / [흡입/물걸레] 브러쉬 : 사이드로봇브러쉬 , 메인2개 / 물걸레리프팅 / 진공후물걸레 / 예약청소 / 브러쉬리프팅 / 카펫부스트 / 구역지정 / 금지구역 / 물걸레 : 회전형 / 물걸레확장암 / 크기(가로x세로x깊이): 청소기 359x100x364mm 스테이션 444x520x510mm / 출시가: 1,760,000원","strong: 장애물 회피, AI바닥인식"
danawa,세탁기,"LG전자 트롬 오브제컬렉션 워시콤보 FH25ES (+미니워시,FH25ESX)",genuine,high,https://prod.danawa.com/info/?pcode=76550540,"세탁건조기 / 세탁25kg,건조15kg / 미니워시4kg / 세탁→건조 올인원 / 귀가시간 맞춤 세탁종료 / 옷감손상적은 인버터히트펌프 / 에너지: 1등급 / [성능] 미세플라스틱저감 코스 / 스팀살균 / 6모션 / [조작/스마트] 다이얼+터치조작 / 원격제어 / [관리편의] 자동열교환기세척 / 통세척 / [내구성] 강화유리도어 / 스테인리스리프터 / 내부조명 / 상단필터 / [색상/크기] 색상 : 네이처베이지 / 크기(가로x세로x깊이) : 700×1,360×830mm / 미니워시: 700x360x770mm / AI에너지절약 / AI세탁건조","strong: ai 세탁, 맞춤 세탁, AI세탁, AI 에너지절약, AI에너지절약, ai 에너지, AI 에너지"
danawa,올인원PC,"삼성전자 올인원 PRO DM970AGA-L51A Win11Pro (16GB, M.2 2TB)",genuine,high,https://prod.danawa.com/info/?pcode=122618348,125H / Arc 그래픽스 / 윈도우11 프로 / 인텔 / 코어울트라 시리즈1 / 코어 울트라5 / 메테오레이크 / 인텔 AI Boost / 11TOPS / LPDDR5X / 16GB / M.2 / 2TB / INTEL / 화면크기 : 68.6cm(27인치) / 3840x2160 / 눈부심방지 / 스피커 내장형 / 1Gbps 유선 / 802.11ax(Wi-Fi 6E) 무선 / 블루투스 / USB3.x 5Gbps / 썬더볼트4 / 웹캠 / 마이크 내장 / DC / 일체형 / 6.9kg,"strong: TOPS, AI Boost"
danawa,모니터,알파스캔 AOC 27E40L 게이밍 144 IPS 원형편광 시력보호 AI HDR 무결점,washing,high,https://prod.danawa.com/info/?pcode=106763147,"모니터 / 68.6cm(27인치) / FHD(1920 x 1080) / 144Hz / IPS / 와이드(16:9) / 평면 / 0.5ms(MPRT) / 300nits / 1,500:1 / HDR10 / 헤드폰 아웃 / 틸트(상하) / 3.74kg / [색상영역] sRGB : 110% / Adobe RGB : 97% / DCI-P3 : 90% / NTSC : 99% / [게임특화] 조준선 표시 / 블랙 이퀄라이저 / Adaptive Sync / G-Sync 호환 / FreeSync / [단자정보] HDMI / DP",없음
danawa,모니터,크로스오버 27QNA955 나노IPS 210 WQHD 화이트 Ai게이밍 멀티스탠드 무결점,washing,high,https://prod.danawa.com/info/?pcode=103451588,"모니터 / 68.4cm(27인치) / QHD(2560 x 1440) / 200Hz(OC 210Hz) / Nano-IPS / 와이드(16:9) / 평면 / 0.5ms(MPRT) / 550nits / 1,000:1 / 스피커 내장 / 헤드폰 아웃 / LED 조명 / 피벗(회전) / 엘리베이션(높낮이) / 틸트(상하) / 스위블(좌우) / 4.89kg / [색상영역] 10bit (8bit + FRC) / sRGB : 148% / Adobe RGB : 102% / DCI-P3 : 105% / [게임특화] 조준선 표시 / 블랙 이퀄라이저 / Adaptive Sync / G-Sync 호환 / FreeSync / [단자정보] HDMI 2.0 / DP 1.4",없음
danawa,에어컨,삼성전자 비스포크 무풍 윈도우핏 AW06C7155TWAZ (자가설치),genuine,medium,https://prod.danawa.com/info/?pcode=19996307,"창문형에어컨 / 냉방면적 : 6평(19.2㎡) / 2023년형 / AI운전(환경,패턴) / 에너지 : 1등급 / [성능] 냉방능력 : 2.36kW / 소비전력 : 0.86kW / 인버터 / [편의] 간접냉방(무풍) / 스마트폰제어 / 자기진단 / 필터청소알림 / 자가증발 / [규격] 설치높이 : 90cm~145cm / 제습량: 34.3L / 크기(가로x세로x깊이): 402x750x288mm / 출시가: 1,140,000원",strong: AI운전
danawa,모니터,알파스캔 AOC Q27G4Z 게이밍 240 QHD FAST IPS 프리싱크 Ai HDR 400 멀티스탠드 무결점,washing,high,https://prod.danawa.com/info/?pcode=122634603,"모니터 / 68.5cm(27인치) / QHD(2560 x 1440) / 240Hz / Fast IPS / 와이드(16:9) / 평면 / 0.3ms(MPRT) / 400nits / 1,000:1 / HDR10 / VESA HDR 400 / 헤드폰 아웃 / 피벗(회전) / 엘리베이션(높낮이) / 틸트(상하) / 스위블(좌우) / 4.91kg / [색상영역] 10bit (8bit + FRC) / sRGB : 118% / Adobe RGB : 105% / DCI-P3 : 97% / NTSC : 107% / [게임특화] 조준선 표시 / 인풋랙 제어 / 블랙 이퀄라이저 / Adaptive Sync / G-Sync 호환 / G-Sync 호환(NVIDIA인증) / FreeSync / [단자정보] HDMI 2.0 / DP 1.4",없음
danawa,TV,LG전자 올레드 evo AI OLED48C6KNA (벽걸이),genuine,high,https://prod.danawa.com/info/?pcode=108402053,"OLED TV / 48인치(120cm) / 4K UHD / 주사율 : 120Hz / 에너지효율 : 3등급 / 2026년형 / [화질] 돌비비전 / HDR10 / HDR자동조절 / HLG / 톤매핑 / 블루라이트차단 / HDMI2.1 / VRR(165Hz) / ALLM / HGIG / G-Sync Compatible / FreeSync / 게임모드 / [스마트] 넷플릭스 / 유튜브 / 미러링 / AI음성인식 / AI스마트홈 / AI콘텐츠추천 / AI스마트도우미 / [규격] HDMI(전체) : 4개 / 베사홀 : 300x200mm / 크기(가로x세로x깊이) : 1071x620(675)x47(230)mm / 무게 : 14.9(16.7)kg / 출시가: 2,389,000원","strong: 콘텐츠추천, 음성 인식"
danawa,건조기,LG전자 트롬 오브제컬렉션 워시타워 W2520WZM,genuine,high,https://prod.danawa.com/info/?pcode=89526497,"드럼세탁기+건조기 / 일체형 / 세탁 : 25kg / 건조 : 20kg / 스팀살균 / 세탁물케어 / 세탁:2등급 / 건조:2등급 / [세탁/건조] AI에너지절약 / AI건조 / AI세탁 / 듀얼인버터DD건조모터 / 콘덴서관리 : 자동 / [조작/편의] 조작부 : 원바디런드리컨트롤(풀터치) / 일체형조작부 / 스마트폰제어 / UP가전 / [규격] 세탁기색상 : 릴리화이트 / 건조기색상 : 릴리화이트 / 단품모델명 : 세탁기(F25WJDS), 건조기(RD20WJDS) / 직렬 : ±700x1890x830mm","strong: AI 건조, AI건조, AI 에너지절약, ai 에너지, AI에너지절약, AI 에너지, UP가전"
danawa,세탁기,삼성전자 그랑데AI WF25DG8650BV,genuine,high,https://prod.danawa.com/info/?pcode=75933221,드럼세탁기 / 세탁전용 / 세탁 : 25kg / 세탁:1등급 / [세탁/관리] AI세탁 / AI에너지절약 / DD모터 / 워터샷 / 버블워시 / 무세제통세척 / [디자인] 심플컨트롤 / 틴트글라스도어 / [규격/설치] 색상 : 블랙캐비어 / 크기(가로x세로x깊이): 686x984x875mm / 삼성전자 특대형용량: 23~25kg,"strong: ai 세탁, AI세탁, AI 에너지절약, AI에너지절약, ai 에너지, AI 에너지"
danawa,냉장고,LG전자 디오스 AI 오브제컬렉션 M876GBB131 (수도권 무료),genuine,medium,https://prod.danawa.com/info/?pcode=122634004,"양문형냉장고 / 총용량 : 871L / 4도어 / 냉장 : 504L / 냉동 : 367L / 1등급(25.06 기준) / 홈바 : 매직스페이스 / 아이스메이커 : 트레이 / 큐브(각얼음) / AI절약모드 / 오토클로징 / 색상 : 베이지 / [신선/보관] 위생 : 탈취 , UV , 제균 , 광촉매 / 도어쿨링 / 미세자동정온 / 급속냉동 / [디자인] 재질 : 미스트(무광글라스) / 크기(가로x세로x깊이): 914x1860x918mm",strong: AI절약모드
danawa,세탁기,LG전자 통돌이 T19MX8A (수도권 무료),genuine,high,https://prod.danawa.com/info/?pcode=122654012,"일반세탁기 / 세탁 : 19kg / 인버터DD모터 / 세탁:2등급 / [세탁/관리] AI세탁 / 6모션 / 터보물살 / 터보샷 / 물높이조절 / 향기강화 / 세탁조 : 스테인리스 / 세탁필터 : 스테인리스필터 / 통세척 / [조작] 전면컨트롤 / 푸시버튼 / 앱연동 / UP가전 / [외관/크기] 색상 : 미드블랙 / 크기(가로x세로x깊이): 632x1040x670mm / 출시가: 950,000원","strong: ai 세탁, AI세탁, UP가전 | weak: 앱 연동"
danawa,TV,LG전자 QNED evo AI 75QNED80BEA (벽걸이),genuine,high,https://prod.danawa.com/info/?pcode=122622118,"미니LED TV / 75인치(189cm) / 4K UHD / 주사율 : 60Hz / 에너지효율 : 1등급 / 2026년형 / [화질] HDR10 / HDR자동조절 / HLG / 톤매핑 / VRR(60Hz) / ALLM / HGIG / 게임모드 / [스마트] 넷플릭스 / 유튜브 / 미러링 / AI음성인식 / AI스마트홈 / AI콘텐츠추천 / AI스마트도우미 / AI실시간번역 / AI에너지절약모드 / AI축구모드 / [규격] HDMI(전체) : 3개 / 베사홀 : 300x200mm / 크기(가로x세로x깊이) : 1677x962(1026)x67(361)mm / 무게 : 21.2(21.6)kg / 출시가: 3,090,000원","strong: 콘텐츠추천, 음성 인식"
danawa,올인원PC,"삼성전자 올인원 PRO DM970AGA-L51A (16GB, M.2 256GB)",genuine,high,https://prod.danawa.com/info/?pcode=47489429,125H / Arc 그래픽스 / 윈도우11 / 인텔 / 코어울트라 시리즈1 / 코어 울트라5 / 메테오레이크 / 인텔 AI Boost / 11TOPS / LPDDR5X / 16GB / M.2 / 256GB / INTEL / 화면크기 : 68.6cm(27인치) / 3840x2160 / 눈부심방지 / 스피커 내장형 / 1Gbps 유선 / 802.11ax(Wi-Fi 6E) 무선 / 블루투스 / USB3.x 5Gbps / 썬더볼트4 / 웹캠 / 마이크 내장 / DC / 일체형 / 6.9kg,"strong: TOPS, AI Boost"
danawa,로봇청소기,삼성전자 비스포크 AI 스팀 VR7MD97716G (단품),genuine,high,https://prod.danawa.com/info/?pcode=31655570,"로봇청소기 / 흡입+물걸레 / 디지털인버터모터 / 센서 : 3D인식 , ToF , 카메라 , 초음파 , 자이로 / 흡입력 : 6,000Pa / 맵핑 : 복층 , 3D / 사용시간 : 3시간(최대) / AI사물인식 / 낙하방지 / 장애물회피 / AI바닥인식 / 오염도감지 / 문턱등반 / 스테이션 : 먼지비움 , 걸레건조(온풍) , 자동충전 , 자동급수 , 먼지봉투살균 , 걸레세척(온수) , 플레이트분리 , 걸레탈부착 , 물걸레100℃스팀살균 / 문턱넘기 : 1.5cm / 색상 : 새틴그레이지 / 통과높이 : 10cm / 무게 : 4.8kg / [흡입/물걸레] 브러쉬 : 메인 , 사이드 , 머리카락컷팅 , 엉킴방지재질 / 물걸레리프팅 / 카펫부스트 / 금지구역 / 예약청소 / 구역지정 / 진공후물걸레 / 물걸레 : 회전형(마그네틱) / 크기(가로x세로x깊이): 청소기 359x100x364mm 스테이션 445x547x510mm / 출시가: 2,059,000원","strong: 장애물 회피, AI사물인식, AI바닥인식"
danawa,에어컨,삼성전자 비스포크 AI 무풍콤보 AR60F07D12WS (공식인증 설치),genuine,medium,https://prod.danawa.com/info/?pcode=78985556,"벽걸이에어컨 / 냉방면적 : 7평(24.4㎡) / 2025년형 / AI운전(환경,패턴) / 에너지 : 2등급 / [성능] 냉방능력 : 2.8kW / 소비전력 : 0.75kW / 인버터 / [편의] 간접냉방(무풍) / 스마트폰제어 / 자동건조 / 열교환기세척 / 자기진단 / 필터청소알림 / 기능업데이트 / 상하좌우바람 / [규격] 크기(가로x세로x깊이): 820x299x215mm",strong: AI운전
danawa,모니터,알파스캔 에이건 AGP327UZD 게이밍 4K UHD 듀얼모드 480 USB-C HDR 400 Ai 멀티스탠드 무결점,washing,high,https://prod.danawa.com/info/?pcode=108363986,"모니터 / 79.9cm(32인치) / 4K UHD(3840 x 2160) / 480Hz / WOLED / 와이드(16:9) / 평면 / 0.03ms(GTG) / 1,300nits / 1,500,000:1 / HDR10 / VESA TRUE BLACK 400 / 스피커 내장 / 헤드폰 아웃 / LED 조명 / USB PD 지원 / 피벗(회전) / 엘리베이션(높낮이) / 틸트(상하) / 스위블(좌우) / 7.87kg / [색상영역] 10bit True / sRGB : 134% / Adobe RGB : 107% / DCI-P3 : 100% / NTSC : 109% / [게임특화] 조준선 표시 / 인풋랙 제어 / 블랙 이퀄라이저 / Adaptive Sync / G-Sync 호환 / G-Sync 호환(NVIDIA인증) / FreeSync / 듀얼 모드 : 4K 240Hz ↔ FHD 480Hz / [단자정보] HDMI 2.1 / DP 2.1 / USB C타입",없음
danawa,건조기,"LG전자 트롬 오브제컬렉션 워시콤보 FH25GS (+키높이 수납함,FH25GSF)",genuine,high,https://prod.danawa.com/info/?pcode=76550756,"세탁건조기 / 세탁25kg,건조15kg+수납함 / 세탁→건조 올인원 / 귀가시간 맞춤 세탁종료 / 옷감손상적은 인버터히트펌프 / 에너지: 1등급 / [성능] 스팀살균 / 미세플라스틱저감 코스 / 6모션 / [조작/스마트] 원격제어 / 다이얼+터치조작 / [관리편의] 통세척 / 자동열교환기세척 / [내구성] 강화유리도어 / 스테인리스리프터 / 내부조명 / 상단필터 / [색상/크기] 색상 : 네이처그린 / 크기(가로x세로x깊이) : 700×1,360×830mm / 수납함: 700x360x770mm / AI세탁건조 / AI에너지절약","strong: AI 에너지절약, ai 에너지, AI에너지절약, AI 에너지"
danawa,태블릿,"삼성전자 갤럭시탭S11 울트라 (램12GB,256GB)",genuine,high,https://prod.danawa.com/info/?pcode=96985346,"태블릿PC / Wi-Fi / 14.6인치 / D-AMOLED 2X / 120Hz / 램 : 12GB / 용량 : 256GB / microSD지원 / [프로세서/AI] 디멘시티 9400+ / AP CPU : 90점 / AP 게이밍 : 84점 / AI TOPS : 50 TOPS / [카메라] 후면카메라 : 듀얼 / 전면카메라 : 싱글 / [배터리/규격] USB3.2 / 11,600mAh / 최대충전 : 45W / 방수 : IP68 / 가로 : 326.3mm / 세로 : 208.5mm / 두께 : 5.1mm / 무게 : 692g / 출시가: 1,598,300원","strong: TOPS, AI TOPS"
danawa,올인원PC,"삼성전자 올인원 PRO DM970AGA-LC51G (16GB, M.2 512GB + M.2 512GB)",genuine,high,https://prod.danawa.com/info/?pcode=65305406,125H / Arc 그래픽스 / 윈도우11 / 인텔 / 코어울트라 시리즈1 / 코어 울트라5 / 메테오레이크 / 인텔 AI Boost / 11TOPS / LPDDR5X / 16GB / M.2 / 512GB + 512GB / INTEL / 화면크기 : 68.6cm(27인치) / 3840x2160 / 눈부심방지 / 스피커 내장형 / 1Gbps 유선 / 802.11ax(Wi-Fi 6E) 무선 / 블루투스 / USB3.x 5Gbps / 썬더볼트4 / 웹캠 / 마이크 내장 / DC / 일체형 / 6.9kg / 용도 : 사무/인강용 / 구성변경상품,"strong: TOPS, AI Boost"
danawa,노트북,LG전자 2026 그램 프로16 16Z90U-KU7BK (SSD 1TB),genuine,high,https://prod.danawa.com/info/?pcode=103751669,"AI노트북 / 40.6cm(16인치) / 1.19kg / 윈도우11홈 / [화면정보] 해상도 : 2880x1800(WQXGA+) / 주사율 : 120Hz / [CPU] 인텔 / 코어 울트라X7(S3) / 358H (4.8GHz) / NPU : 47TOPS / [그래픽] 내장그래픽 / Arc B390 / 12core / [램] 램 : 32GB / 램 교체 : 불가능 / 용량 : 1TB / 저장 슬롯 : 2개 / 전원 : USB-PD / 배터리 : 77Wh / 용도 : 사무/인강용 , 휴대용","strong: TOPS, NPU"
danawa,공기청정기,삼성전자 Infinite AI AP90H03193UGD (2개),genuine,medium,https://prod.danawa.com/info/?pcode=108353024,"공기청정기 / 10평(33㎡) / UV살균 / 초미세먼지제거 / 유해가스 제거 / 탈취 / [센서/모드] PM1.0(극초미세먼지) / 조도 / 가스(냄새) / 자동 / 수면 / 4way서라운드 청정 / 맞춤청정AI+ / CADR : 120㎥ / [편의] 필터점검/교체알림 / 삼성 SmartThings / 소음 : 18dB / 풍량조절 / 청정도표시 / 미세먼지농도표시 / 그 외 기능 / [인증] PA인증 / AI+인증 / CA인증 / [규격] 소비전력 : 19W / 무게 : 11.8kg / 크기(가로x세로x깊이) : 320x545x320mm / 출시가: 2,098,000원",strong: SmartThings
danawa,에어컨,LG전자 휘센 AI 오브제컬렉션 뷰 3시리즈 FQ18GV3EA2 ((전국)기본설치비 포함),genuine,high,https://prod.danawa.com/info/?pcode=122628168,"2in1에어컨 / 냉방면적 : 18+6평(58.5+18.7㎡) / 2026년형 / AI건조 / AI열교환기세척 / AI운전(환경,패턴,공간) / 에너지 : 2등급 / ★월 전기요금 : 127,600원 / [성능] 냉방능력 : 7.2kW / 소비전력 : 2.1kW / 듀얼인버터 / [편의] 간접냉방(유풍) / 기능업데이트 / 자기진단 / UV-LED 팬살균 / 스마트폰제어 / 인체감지 / 셀프청소가능 / [규격] 크기(가로x세로x깊이): 350x1840x295mm, 754x308x189mm / 출시가: 3,774,000원","strong: AI운전, AI 건조, AI건조"
