url,라벨_기준,판정_기준,ACCS_기준,sufficiency_기준,라벨_최대,판정_최대,ACCS_최대,sufficiency_최대
https://prod.danawa.com/info/?pcode=30766856,정상,Normal,57.91,0.4863,정상,Normal,61.18,0.4983
https://prod.danawa.com/info/?pcode=108693854,정상,Normal,58.2,0.4746,정상,Normal,63.45,0.4972
https://prod.danawa.com/info/?pcode=59090219,워싱,Suspected,0.0,0.0,워싱,Suspected,0.0,0.0
https://prod.danawa.com/info/?pcode=92235623,정상,Normal,59.58,0.4193,정상,Normal,62.31,0.4193
https://prod.danawa.com/info/?pcode=106748600,정상,Normal,57.21,0.4729,정상,Normal,60.63,0.4937
https://prod.danawa.com/info/?pcode=108693716,정상,Normal,49.39,0.1181,정상,Normal,57.2,0.1342
https://prod.danawa.com/info/?pcode=77279492,정상,Credible,74.28,0.7942,정상,Credible,74.65,0.7942
https://prod.danawa.com/info/?pcode=98778164,정상,Normal,48.63,0.079,정상,Normal,57.2,0.1342
https://prod.danawa.com/info/?pcode=122664579,정상,Normal,47.92,0.0888,정상,Normal,54.27,0.1307
https://prod.danawa.com/info/?pcode=105967517,정상,Normal,47.91,0.0787,정상,Normal,55.72,0.1322
https://prod.danawa.com/info/?pcode=78532055,정상,Credible,71.91,0.8186,정상,Credible,71.75,0.8261
https://prod.danawa.com/info/?pcode=103480370,워싱,Suspected,0.0,0.0,워싱,Suspected,0.0,0.0
https://prod.danawa.com/info/?pcode=108693806,정상,Normal,49.39,0.1181,정상,Normal,57.2,0.1342
https://prod.danawa.com/info/?pcode=104615135,정상,Normal,61.02,0.5547,정상,Normal,62.89,0.5714
https://prod.danawa.com/info/?pcode=106221251,정상,Normal,48.14,0.0,정상,Normal,49.36,0.0
https://prod.danawa.com/info/?pcode=106721882,정상,Normal,48.14,0.0,정상,Normal,49.36,0.0
https://prod.danawa.com/info/?pcode=106692854,워싱,Suspected,0.0,0.0,워싱,Suspected,0.0,0.0
https://prod.danawa.com/info/?pcode=97110818,정상,Normal,49.84,0.1181,정상,Normal,54.22,0.1301
https://prod.danawa.com/info/?pcode=54481226,정상,Normal,48.98,0.0896,정상,Normal,55.76,0.1328
https://prod.danawa.com/info/?pcode=96368897,정상,Normal,49.39,0.1181,정상,Normal,57.2,0.1342
https://prod.danawa.com/info/?pcode=92146238,워싱,Suspected,0.0,0.0,워싱,Suspected,0.0,0.0
https://prod.danawa.com/info/?pcode=122618297,워싱,Suspected,0.0,0.0,워싱,Suspected,0.0,0.0
https://prod.danawa.com/info/?pcode=78984131,정상,Normal,45.97,0.0,정상,Normal,50.42,0.0
https://prod.danawa.com/info/?pcode=95203529,정상,Credible,71.91,0.8186,정상,Credible,71.75,0.8261
https://prod.danawa.com/info/?pcode=122617984,정상,Washing,0.0,0.0,정상,Normal,53.95,0.1288
https://prod.danawa.com/info/?pcode=109599731,정상,Normal,47.92,0.0888,정상,Normal,54.27,0.1307
https://prod.danawa.com/info/?pcode=65304857,정상,Normal,59.58,0.4193,정상,Normal,62.31,0.4193
https://prod.danawa.com/info/?pcode=82630370,정상,Normal,56.17,0.4681,정상,Normal,60.9,0.4988
https://prod.danawa.com/info/?pcode=75933221,정상,Normal,59.6,0.5639,정상,Normal,62.8,0.5746
https://prod.danawa.com/info/?pcode=76550756,정상,Normal,59.27,0.4874,정상,Normal,63.7,0.5013
https://prod.danawa.com/info/?pcode=95203448,정상,Credible,71.91,0.8186,정상,Credible,71.75,0.8261
https://prod.danawa.com/info/?pcode=122632211,정상,Credible,71.08,0.7734,정상,Credible,71.97,0.7849
https://prod.danawa.com/info/?pcode=106763147,워싱,Suspected,0.0,0.0,워싱,Suspected,0.0,0.0
https://prod.danawa.com/info/?pcode=65304731,정상,Normal,59.58,0.4193,정상,Normal,62.31,0.4193
https://prod.danawa.com/info/?pcode=100005686,워싱,Suspected,0.0,0.0,워싱,Suspected,0.0,0.0
https://prod.danawa.com/info/?pcode=70001651,정상,Normal,59.58,0.4193,정상,Normal,62.31,0.4193
https://prod.danawa.com/info/?pcode=95203478,정상,Credible,71.91,0.8186,정상,Credible,71.75,0.8261
https://prod.danawa.com/info/?pcode=95850233,정상,Normal,49.84,0.1181,정상,Normal,54.22,0.1301
https://prod.danawa.com/info/?pcode=99477893,정상,Normal,49.84,0.1181,정상,Normal,54.22,0.1301
https://prod.danawa.com/info/?pcode=122620754,워싱,Suspected,0.0,0.0,워싱,Suspected,0.0,0.0
https://prod.danawa.com/info/?pcode=92235620,정상,Normal,59.58,0.4193,정상,Normal,62.31,0.4193
https://prod.danawa.com/info/?pcode=62273714,정상,Normal,49.84,0.1181,정상,Normal,54.22,0.1301
https://prod.danawa.com/info/?pcode=122634603,워싱,Suspected,0.0,0.0,워싱,Suspected,0.0,0.0
https://prod.danawa.com/info/?pcode=20260604,정상,Normal,51.79,0.1219,정상,Normal,54.22,0.1301
https://prod.danawa.com/info/?pcode=70001690,정상,Normal,59.58,0.4193,정상,Normal,62.31,0.4193
https://prod.danawa.com/info/?pcode=106688828,정상,Normal,47.91,0.0787,정상,Normal,55.72,0.1322
https://prod.danawa.com/info/?pcode=47522042,정상,Normal,59.58,0.4193,정상,Normal,62.31,0.4193
https://prod.danawa.com/info/?pcode=108693815,정상,Normal,49.39,0.1181,정상,Normal,57.2,0.1342
https://prod.danawa.com/info/?pcode=122640437,정상,Normal,51.79,0.1219,정상,Normal,54.22,0.1301
https://prod.danawa.com/info/?pcode=82473311,정상,Normal,51.79,0.1219,정상,Normal,54.22,0.1301
https://prod.danawa.com/info/?pcode=94521617,정상,Normal,49.84,0.1181,정상,Normal,54.22,0.1301
https://prod.danawa.com/info/?pcode=92890970,정상,Normal,50.18,0.0,정상,Normal,51.47,0.0
https://prod.danawa.com/info/?pcode=78985556,정상,Normal,51.79,0.1219,정상,Normal,54.22,0.1301
https://prod.danawa.com/info/?pcode=104595941,정상,Normal,57.05,0.3719,정상,Normal,61.23,0.3801
https://prod.danawa.com/info/?pcode=106758212,정상,Normal,50.03,0.0903,정상,Normal,57.25,0.1349
https://prod.danawa.com/info/?pcode=78985553,정상,Normal,51.79,0.1219,정상,Normal,54.22,0.1301
https://prod.danawa.com/info/?pcode=106758626,정상,Normal,47.92,0.0888,정상,Normal,54.27,0.1307
https://prod.danawa.com/info/?pcode=122628176,정상,Normal,51.79,0.1219,정상,Normal,54.22,0.1301
https://prod.danawa.com/info/?pcode=75855938,정상,Normal,54.84,0.4342,정상,Normal,60.53,0.4935
https://prod.danawa.com/info/?pcode=65304779,정상,Normal,59.58,0.4193,정상,Normal,62.31,0.4193
https://prod.danawa.com/info/?pcode=122621732,정상,Normal,50.03,0.0903,정상,Normal,57.25,0.1349
https://prod.danawa.com/info/?pcode=92969183,정상,Normal,47.9,0.0,정상,Normal,52.56,0.0
https://prod.danawa.com/info/?pcode=99555224,워싱,Suspected,0.0,0.0,워싱,Suspected,0.0,0.0
https://prod.danawa.com/info/?pcode=65305520,정상,Normal,59.58,0.4193,정상,Normal,62.31,0.4193
https://prod.danawa.com/info/?pcode=78982958,정상,Normal,45.97,0.0,정상,Normal,50.42,0.0
https://prod.danawa.com/info/?pcode=106484915,정상,Normal,46.88,0.0784,정상,Normal,54.22,0.1301
https://prod.danawa.com/info/?pcode=72227609,정상,Normal,59.58,0.4193,정상,Normal,62.31,0.4193
https://prod.danawa.com/info/?pcode=78981236,정상,Credible,74.28,0.7942,정상,Credible,74.65,0.7942
https://prod.danawa.com/info/?pcode=58849853,정상,Normal,48.44,0.1181,정상,Normal,54.22,0.1301
https://prod.danawa.com/info/?pcode=106221245,정상,Normal,38.33,0.0,정상,Normal,38.33,0.0
https://prod.danawa.com/info/?pcode=76550729,정상,Normal,49.39,0.1181,정상,Normal,57.2,0.1342
https://prod.danawa.com/info/?pcode=96985352,정상,Normal,45.97,0.0,정상,Normal,50.42,0.0
https://prod.danawa.com/info/?pcode=122617414,정상,Washing,0.0,0.0,정상,Normal,53.95,0.1288
https://prod.danawa.com/info/?pcode=65305298,정상,Normal,59.58,0.4193,정상,Normal,62.31,0.4193
https://prod.danawa.com/info/?pcode=108693758,정상,Normal,49.39,0.1181,정상,Normal,57.2,0.1342
https://prod.danawa.com/info/?pcode=100622369,워싱,Suspected,0.0,0.0,워싱,Suspected,0.0,0.0
https://prod.danawa.com/info/?pcode=92891300,정상,Normal,47.9,0.0,정상,Normal,52.56,0.0
https://prod.danawa.com/info/?pcode=93865100,정상,Normal,49.84,0.1181,정상,Normal,54.22,0.1301
https://prod.danawa.com/info/?pcode=122622118,정상,Credible,71.95,0.8186,정상,Credible,71.79,0.8261
https://prod.danawa.com/info/?pcode=106721876,정상,Normal,48.14,0.0,정상,Normal,49.36,0.0
https://prod.danawa.com/info/?pcode=94934750,정상,Normal,49.84,0.1181,정상,Normal,54.22,0.1301
https://prod.danawa.com/info/?pcode=96985325,정상,Normal,45.97,0.0,정상,Normal,50.42,0.0
https://prod.danawa.com/info/?pcode=49164068,정상,Normal,59.58,0.4193,정상,Normal,62.31,0.4193
https://prod.danawa.com/info/?pcode=108462782,정상,Normal,47.91,0.0787,정상,Normal,55.72,0.1322
https://prod.danawa.com/info/?pcode=19996307,정상,Normal,51.79,0.1219,정상,Normal,54.22,0.1301
https://prod.danawa.com/info/?pcode=108693731,정상,Normal,43.31,0.0693,정상,Normal,43.31,0.0693
https://prod.danawa.com/info/?pcode=108693770,정상,Normal,49.39,0.1181,정상,Normal,57.2,0.1342
https://prod.danawa.com/info/?pcode=61442063,정상,Normal,59.58,0.4193,정상,Normal,62.31,0.4193
https://prod.danawa.com/info/?pcode=91041734,정상,Normal,59.58,0.4193,정상,Normal,62.31,0.4193
https://prod.danawa.com/info/?pcode=91041722,정상,Normal,59.58,0.4193,정상,Normal,62.31,0.4193
https://prod.danawa.com/info/?pcode=78845099,정상,Normal,51.79,0.1219,정상,Normal,54.22,0.1301
https://prod.danawa.com/info/?pcode=96649013,정상,Credible,71.91,0.8186,정상,Credible,71.75,0.8261
https://prod.danawa.com/info/?pcode=108363986,워싱,Suspected,0.0,0.0,워싱,Suspected,0.0,0.0
https://prod.danawa.com/info/?pcode=106721318,정상,Credible,72.95,0.7941,정상,Credible,73.32,0.7941
https://prod.danawa.com/info/?pcode=122622067,정상,Credible,71.95,0.8186,정상,Credible,71.79,0.8261
https://prod.danawa.com/info/?pcode=122622648,워싱,Suspected,0.0,0.0,워싱,Suspected,0.0,0.0
https://prod.danawa.com/info/?pcode=103451483,정상,Credible,71.46,0.7734,정상,Credible,72.34,0.7849
https://prod.danawa.com/info/?pcode=96369167,정상,Normal,49.39,0.1181,정상,Normal,57.2,0.1342
https://prod.danawa.com/info/?pcode=71964662,정상,Normal,59.58,0.4193,정상,Normal,62.31,0.4193
https://prod.danawa.com/info/?pcode=71964674,정상,Normal,59.58,0.4193,정상,Normal,62.31,0.4193
https://prod.danawa.com/info/?pcode=76550540,정상,Normal,49.39,0.1181,정상,Normal,57.2,0.1342
https://prod.danawa.com/info/?pcode=108406961,정상,Credible,71.92,0.8186,정상,Credible,71.77,0.8261
https://prod.danawa.com/info/?pcode=106749650,정상,Credible,72.95,0.7941,정상,Credible,73.32,0.7941
https://prod.danawa.com/info/?pcode=95203406,정상,Credible,71.91,0.8186,정상,Credible,71.75,0.8261
https://prod.danawa.com/info/?pcode=77965100,정상,Normal,49.39,0.1181,정상,Normal,57.2,0.1342
https://prod.danawa.com/info/?pcode=95200079,정상,Normal,49.84,0.1181,정상,Normal,54.22,0.1301
https://prod.danawa.com/info/?pcode=96368726,정상,Normal,49.39,0.1181,정상,Normal,57.2,0.1342
https://prod.danawa.com/info/?pcode=77964938,정상,Normal,49.39,0.1181,정상,Normal,57.2,0.1342
https://prod.danawa.com/info/?pcode=99733253,워싱,Suspected,0.0,0.0,워싱,Suspected,0.0,0.0
https://prod.danawa.com/info/?pcode=85605692,정상,Normal,56.17,0.4681,정상,Normal,60.9,0.4988
https://prod.danawa.com/info/?pcode=108229415,정상,Normal,50.03,0.0903,정상,Normal,57.25,0.1349
https://prod.danawa.com/info/?pcode=106704317,정상,Normal,46.88,0.0784,정상,Normal,54.22,0.1301
https://prod.danawa.com/info/?pcode=108463673,정상,Normal,49.39,0.1181,정상,Normal,57.2,0.1342
https://prod.danawa.com/info/?pcode=105182138,정상,Normal,47.91,0.0787,정상,Normal,55.72,0.1322
https://prod.danawa.com/info/?pcode=61442072,정상,Normal,59.58,0.4193,정상,Normal,62.31,0.4193
https://prod.danawa.com/info/?pcode=91562312,정상,Credible,74.28,0.7942,정상,Credible,74.65,0.7942
https://prod.danawa.com/info/?pcode=122618339,정상,Normal,59.58,0.4193,정상,Normal,62.31,0.4193
https://prod.danawa.com/info/?pcode=108693824,정상,Normal,49.39,0.1181,정상,Normal,57.2,0.1342
https://prod.danawa.com/info/?pcode=103453760,정상,Credible,74.28,0.7942,정상,Credible,74.65,0.7942
https://prod.danawa.com/info/?pcode=75932513,정상,Normal,48.44,0.1181,정상,Normal,54.22,0.1301
https://prod.danawa.com/info/?pcode=122618348,정상,Normal,59.58,0.4193,정상,Normal,62.31,0.4193
https://prod.danawa.com/info/?pcode=106702052,워싱,Suspected,0.0,0.0,워싱,Suspected,0.0,0.0
https://prod.danawa.com/info/?pcode=78532109,정상,Credible,71.91,0.8186,정상,Credible,71.75,0.8261
https://prod.danawa.com/info/?pcode=47489429,정상,Normal,59.58,0.4193,정상,Normal,62.31,0.4193
https://prod.danawa.com/info/?pcode=20260628,정상,Normal,51.79,0.1219,정상,Normal,54.22,0.1301
https://prod.danawa.com/info/?pcode=75541439,워싱,Normal,49.83,0.0,워싱,Normal,51.11,0.0
https://prod.danawa.com/info/?pcode=108228755,정상,Suspected,0.0,0.0,정상,Suspected,0.0,0.0
https://prod.danawa.com/info/?pcode=11715023,정상,Normal,57.19,0.4536,정상,Normal,62.27,0.5006
https://prod.danawa.com/info/?pcode=94524119,정상,Normal,49.84,0.1181,정상,Normal,54.22,0.1301
https://prod.danawa.com/info/?pcode=100189472,정상,Normal,49.84,0.1181,정상,Normal,54.22,0.1301
https://prod.danawa.com/info/?pcode=122620046,정상,Normal,51.79,0.1219,정상,Normal,54.22,0.1301
https://prod.danawa.com/info/?pcode=106720964,정상,Normal,38.33,0.0,정상,Normal,38.33,0.0
https://prod.danawa.com/info/?pcode=90111164,정상,Normal,56.33,0.3072,정상,Normal,60.01,0.3788
https://prod.danawa.com/info/?pcode=98412731,정상,Normal,49.84,0.1181,정상,Normal,54.22,0.1301
https://prod.danawa.com/info/?pcode=78177962,정상,Credible,71.91,0.8186,정상,Credible,71.75,0.8261
https://prod.danawa.com/info/?pcode=108693719,정상,Normal,49.39,0.1181,정상,Normal,57.2,0.1342
https://prod.danawa.com/info/?pcode=77705138,정상,Normal,49.84,0.1181,정상,Normal,54.22,0.1301
https://prod.danawa.com/info/?pcode=104592128,정상,Credible,71.46,0.7734,정상,Credible,72.34,0.7849
https://prod.danawa.com/info/?pcode=96649010,정상,Credible,71.91,0.8186,정상,Credible,71.75,0.8261
https://prod.danawa.com/info/?pcode=103482035,정상,Credible,74.28,0.7942,정상,Credible,74.65,0.7942
https://prod.danawa.com/info/?pcode=16076870,정상,Normal,58.97,0.5544,정상,Normal,62.77,0.5713
https://prod.danawa.com/info/?pcode=109598768,워싱,Suspected,0.0,0.0,워싱,Suspected,0.0,0.0
https://prod.danawa.com/info/?pcode=100759103,워싱,Suspected,0.0,0.0,워싱,Suspected,0.0,0.0
https://prod.danawa.com/info/?pcode=122618392,정상,Normal,59.58,0.4193,정상,Normal,62.31,0.4193
https://prod.danawa.com/info/?pcode=61442057,정상,Normal,59.58,0.4193,정상,Normal,62.31,0.4193
https://prod.danawa.com/info/?pcode=100691504,정상,Credible,74.28,0.7942,정상,Credible,74.65,0.7942
https://prod.danawa.com/info/?pcode=122664613,정상,Normal,50.03,0.0903,정상,Normal,57.25,0.1349
https://prod.danawa.com/info/?pcode=122617959,워싱,Suspected,0.0,0.0,워싱,Suspected,0.0,0.0
https://prod.danawa.com/info/?pcode=81984779,정상,Normal,51.79,0.1219,정상,Normal,54.22,0.1301
https://prod.danawa.com/info/?pcode=40886363,정상,Normal,49.39,0.1181,정상,Normal,57.2,0.1342
https://prod.danawa.com/info/?pcode=92186624,정상,Normal,49.39,0.1181,정상,Normal,57.2,0.1342
https://prod.danawa.com/info/?pcode=67576652,정상,Normal,49.84,0.1181,정상,Normal,54.22,0.1301
https://prod.danawa.com/info/?pcode=108419639,정상,Normal,47.92,0.0888,정상,Normal,54.27,0.1307
https://prod.danawa.com/info/?pcode=98778002,정상,Normal,48.63,0.079,정상,Normal,57.2,0.1342
https://prod.danawa.com/info/?pcode=78843278,정상,Normal,49.84,0.1181,정상,Normal,54.22,0.1301
https://prod.danawa.com/info/?pcode=122620740,워싱,Suspected,0.0,0.0,워싱,Suspected,0.0,0.0
https://prod.danawa.com/info/?pcode=122632205,정상,Credible,71.08,0.7734,정상,Credible,71.97,0.7849
https://prod.danawa.com/info/?pcode=92186636,정상,Normal,49.39,0.1181,정상,Normal,57.2,0.1342
https://prod.danawa.com/info/?pcode=100006220,정상,Normal,45.97,0.0,정상,Normal,50.42,0.0
https://prod.danawa.com/info/?pcode=77460593,정상,Normal,49.84,0.1181,정상,Normal,54.22,0.1301
https://prod.danawa.com/info/?pcode=122650315,정상,Normal,51.79,0.1219,정상,Normal,54.22,0.1301
https://prod.danawa.com/info/?pcode=61442090,정상,Normal,59.58,0.4193,정상,Normal,62.31,0.4193
https://prod.danawa.com/info/?pcode=99477830,정상,Normal,48.44,0.1181,정상,Normal,54.22,0.1301
https://prod.danawa.com/info/?pcode=65305406,정상,Normal,59.58,0.4193,정상,Normal,62.31,0.4193
https://prod.danawa.com/info/?pcode=107992193,정상,Normal,44.0,0.0389,정상,Normal,53.59,0.1288
https://prod.danawa.com/info/?pcode=70001708,정상,Normal,59.58,0.4193,정상,Normal,62.31,0.4193
https://prod.danawa.com/info/?pcode=122619701,정상,Normal,48.44,0.1181,정상,Normal,54.22,0.1301
https://prod.danawa.com/info/?pcode=106758077,정상,Normal,47.92,0.0888,정상,Normal,54.27,0.1307
https://prod.danawa.com/info/?pcode=96985349,정상,Normal,45.97,0.0,정상,Normal,50.42,0.0
https://prod.danawa.com/info/?pcode=47489273,정상,Normal,59.58,0.4193,정상,Normal,62.31,0.4193
https://prod.danawa.com/info/?pcode=122626369,정상,Normal,49.84,0.1181,정상,Normal,54.22,0.1301
https://prod.danawa.com/info/?pcode=60321443,정상,Normal,59.58,0.4193,정상,Normal,62.31,0.4193
https://prod.danawa.com/info/?pcode=102489542,정상,Normal,49.39,0.1181,정상,Normal,57.2,0.1342
https://prod.danawa.com/info/?pcode=49164173,정상,Normal,59.58,0.4193,정상,Normal,62.31,0.4193
https://prod.danawa.com/info/?pcode=60418556,정상,Normal,49.84,0.1181,정상,Normal,54.22,0.1301
https://prod.danawa.com/info/?pcode=106716974,정상,Normal,46.85,0.0781,정상,Normal,54.22,0.1301
https://prod.danawa.com/info/?pcode=93701885,정상,Normal,49.84,0.1181,정상,Normal,54.22,0.1301
https://prod.danawa.com/info/?pcode=108352157,정상,Normal,46.88,0.0784,정상,Normal,54.22,0.1301
https://prod.danawa.com/info/?pcode=94205543,정상,Normal,49.84,0.1181,정상,Normal,54.22,0.1301
https://prod.danawa.com/info/?pcode=108419612,정상,Normal,47.92,0.0888,정상,Normal,54.27,0.1307
https://prod.danawa.com/info/?pcode=106758623,정상,Normal,50.03,0.0903,정상,Normal,57.25,0.1349
https://prod.danawa.com/info/?pcode=122618398,정상,Normal,59.58,0.4193,정상,Normal,62.31,0.4193
https://prod.danawa.com/info/?pcode=65305349,정상,Normal,59.58,0.4193,정상,Normal,62.31,0.4193
https://prod.danawa.com/info/?pcode=20260748,정상,Normal,51.79,0.1219,정상,Normal,54.22,0.1301
https://prod.danawa.com/info/?pcode=65302250,정상,Normal,59.58,0.4193,정상,Normal,62.31,0.4193
https://prod.danawa.com/info/?pcode=103451588,워싱,Suspected,0.0,0.0,워싱,Suspected,0.0,0.0
https://prod.danawa.com/info/?pcode=122643438,워싱,Suspected,0.0,0.0,워싱,Suspected,0.0,0.0
https://prod.danawa.com/info/?pcode=76509134,워싱,Suspected,0.0,0.0,워싱,Suspected,0.0,0.0
https://prod.danawa.com/info/?pcode=105182165,정상,Normal,47.91,0.0787,정상,Normal,55.72,0.1322
https://prod.danawa.com/info/?pcode=46099295,정상,Normal,49.39,0.1181,정상,Normal,57.2,0.1342
https://prod.danawa.com/info/?pcode=75940106,정상,Normal,47.91,0.0787,정상,Normal,55.72,0.1322
https://prod.danawa.com/info/?pcode=90890663,워싱,Suspected,0.0,0.0,워싱,Suspected,0.0,0.0
https://prod.danawa.com/info/?pcode=78984077,정상,Normal,45.97,0.0,정상,Normal,50.42,0.0
https://prod.danawa.com/info/?pcode=97408256,정상,Normal,48.44,0.1181,정상,Normal,54.22,0.1301
https://prod.danawa.com/info/?pcode=40890401,정상,Normal,49.39,0.1181,정상,Normal,57.2,0.1342
https://prod.danawa.com/info/?pcode=39566351,정상,Normal,46.88,0.0784,정상,Normal,54.22,0.1301
https://prod.danawa.com/info/?pcode=103601357,정상,Credible,74.28,0.7942,정상,Credible,74.65,0.7942
https://prod.danawa.com/info/?pcode=58849820,정상,Normal,48.44,0.1181,정상,Normal,54.22,0.1301
https://prod.danawa.com/info/?pcode=47511173,정상,Normal,59.58,0.4193,정상,Normal,62.31,0.4193
https://prod.danawa.com/info/?pcode=77964890,정상,Normal,49.39,0.1181,정상,Normal,57.2,0.1342
https://prod.danawa.com/info/?pcode=108402053,정상,Credible,71.93,0.8186,정상,Credible,71.78,0.8261
https://prod.danawa.com/info/?pcode=102356231,정상,Normal,38.33,0.0,정상,Normal,38.33,0.0
https://prod.danawa.com/info/?pcode=97564493,정상,Normal,48.44,0.1181,정상,Normal,54.22,0.1301
https://prod.danawa.com/info/?pcode=103807952,정상,Credible,74.28,0.7942,정상,Credible,74.65,0.7942
https://prod.danawa.com/info/?pcode=75932915,정상,Normal,56.65,0.4681,정상,Normal,60.7,0.4946
https://prod.danawa.com/info/?pcode=108367196,정상,Normal,50.03,0.0903,정상,Normal,57.25,0.1349
https://prod.danawa.com/info/?pcode=106749659,정상,Credible,72.95,0.7941,정상,Credible,73.32,0.7941
https://prod.danawa.com/info/?pcode=122660581,정상,Suspected,0.0,0.0,정상,Suspected,0.0,0.0
https://prod.danawa.com/info/?pcode=103453775,정상,Credible,74.28,0.7942,정상,Credible,74.65,0.7942
https://prod.danawa.com/info/?pcode=65305238,정상,Normal,59.58,0.4193,정상,Normal,62.31,0.4193
https://prod.danawa.com/info/?pcode=47532389,정상,Normal,59.58,0.4193,정상,Normal,62.31,0.4193
https://prod.danawa.com/info/?pcode=85651967,정상,Normal,56.17,0.4681,정상,Normal,60.9,0.4988
https://prod.danawa.com/info/?pcode=106695344,정상,Normal,37.73,0.0,정상,Normal,38.33,0.0
https://prod.danawa.com/info/?pcode=91039805,정상,Normal,46.85,0.0781,정상,Normal,54.22,0.1301
https://prod.danawa.com/info/?pcode=96368909,정상,Normal,49.39,0.1181,정상,Normal,57.2,0.1342
https://prod.danawa.com/info/?pcode=76550360,정상,Normal,60.81,0.5648,정상,Normal,65.16,0.5774
https://prod.danawa.com/info/?pcode=90890669,워싱,Suspected,0.0,0.0,워싱,Suspected,0.0,0.0
https://prod.danawa.com/info/?pcode=93858674,정상,Normal,47.9,0.0,정상,Normal,52.56,0.0
https://prod.danawa.com/info/?pcode=109598759,워싱,Suspected,0.0,0.0,워싱,Suspected,0.0,0.0
https://prod.danawa.com/info/?pcode=94934756,정상,Normal,49.84,0.1181,정상,Normal,54.22,0.1301
https://prod.danawa.com/info/?pcode=20260760,정상,Normal,51.79,0.1219,정상,Normal,54.22,0.1301
https://prod.danawa.com/info/?pcode=122627055,정상,Credible,71.08,0.7734,정상,Credible,71.97,0.7849
https://prod.danawa.com/info/?pcode=20362526,정상,Normal,58.87,0.4906,정상,Normal,61.43,0.5
https://prod.danawa.com/info/?pcode=19813724,정상,Normal,48.44,0.1181,정상,Normal,54.22,0.1301
https://prod.danawa.com/info/?pcode=78982952,정상,Normal,45.97,0.0,정상,Normal,50.42,0.0
https://prod.danawa.com/info/?pcode=61442081,정상,Normal,59.58,0.4193,정상,Normal,62.31,0.4193
https://prod.danawa.com/info/?pcode=96259271,정상,Credible,71.91,0.8186,정상,Credible,71.75,0.8261
https://prod.danawa.com/info/?pcode=75933608,정상,Normal,55.45,0.4681,정상,Normal,60.7,0.4946
https://prod.danawa.com/info/?pcode=97110353,정상,Normal,49.84,0.1181,정상,Normal,54.22,0.1301
https://prod.danawa.com/info/?pcode=71972204,정상,Normal,59.58,0.4193,정상,Normal,62.31,0.4193
https://prod.danawa.com/info/?pcode=89526497,정상,Normal,48.44,0.1181,정상,Normal,54.22,0.1301
https://prod.danawa.com/info/?pcode=20260757,정상,Normal,51.79,0.1219,정상,Normal,54.22,0.1301
https://prod.danawa.com/info/?pcode=31655570,정상,Normal,48.98,0.0896,정상,Normal,55.76,0.1328
https://prod.danawa.com/info/?pcode=19550933,정상,Normal,44.0,0.0389,정상,Normal,53.59,0.1288
https://prod.danawa.com/info/?pcode=62069996,정상,Normal,49.84,0.1181,정상,Normal,54.22,0.1301
https://prod.danawa.com/info/?pcode=103751678,정상,Credible,74.28,0.7942,정상,Credible,74.65,0.7942
https://prod.danawa.com/info/?pcode=106481861,정상,Normal,46.88,0.0784,정상,Normal,54.22,0.1301
https://prod.danawa.com/info/?pcode=95203421,정상,Credible,71.91,0.8186,정상,Credible,71.75,0.8261
https://prod.danawa.com/info/?pcode=95203463,정상,Credible,71.91,0.8186,정상,Credible,71.75,0.8261
https://prod.danawa.com/info/?pcode=95000411,정상,Normal,49.84,0.1181,정상,Normal,54.22,0.1301
https://prod.danawa.com/info/?pcode=61442102,정상,Normal,59.58,0.4193,정상,Normal,62.31,0.4193
https://prod.danawa.com/info/?pcode=92969192,정상,Normal,50.18,0.0,정상,Normal,51.47,0.0
https://prod.danawa.com/info/?pcode=104592104,정상,Credible,71.46,0.7734,정상,Credible,72.34,0.7849
https://prod.danawa.com/info/?pcode=106758536,정상,Normal,50.03,0.0903,정상,Normal,57.25,0.1349
https://prod.danawa.com/info/?pcode=76550549,정상,Normal,59.27,0.4874,정상,Normal,63.7,0.5013
https://prod.danawa.com/info/?pcode=122618146,정상,Washing,0.0,0.0,정상,Normal,53.95,0.1288
https://prod.danawa.com/info/?pcode=93861524,정상,Normal,49.84,0.1181,정상,Normal,54.22,0.1301
https://prod.danawa.com/info/?pcode=96985328,정상,Normal,45.97,0.0,정상,Normal,50.42,0.0
https://prod.danawa.com/info/?pcode=93840020,정상,Normal,50.18,0.0,정상,Normal,51.47,0.0
https://prod.danawa.com/info/?pcode=46099325,정상,Normal,49.39,0.1181,정상,Normal,57.2,0.1342
https://prod.danawa.com/info/?pcode=97124351,정상,Normal,38.33,0.0,정상,Normal,38.33,0.0
https://prod.danawa.com/info/?pcode=105181859,정상,Normal,47.91,0.0787,정상,Normal,55.72,0.1322
https://prod.danawa.com/info/?pcode=78307496,정상,Normal,51.79,0.1219,정상,Normal,54.22,0.1301
https://prod.danawa.com/info/?pcode=122618393,정상,Normal,59.58,0.4193,정상,Normal,62.31,0.4193
https://prod.danawa.com/info/?pcode=96985331,정상,Normal,45.97,0.0,정상,Normal,50.42,0.0
https://prod.danawa.com/info/?pcode=61442093,정상,Normal,59.58,0.4193,정상,Normal,62.31,0.4193
https://prod.danawa.com/info/?pcode=108406814,정상,Credible,71.92,0.8186,정상,Credible,71.77,0.8261
https://prod.danawa.com/info/?pcode=103480508,워싱,Suspected,0.0,0.0,워싱,Suspected,0.0,0.0
https://prod.danawa.com/info/?pcode=100005752,워싱,Suspected,0.0,0.0,워싱,Suspected,0.0,0.0
https://prod.danawa.com/info/?pcode=19159592,정상,Normal,57.91,0.4863,정상,Normal,61.18,0.4983
https://prod.danawa.com/info/?pcode=65304650,정상,Normal,59.58,0.4193,정상,Normal,62.31,0.4193
https://prod.danawa.com/info/?pcode=77966207,정상,Normal,64.01,0.5442,정상,Normal,64.66,0.5442
https://prod.danawa.com/info/?pcode=101011958,워싱,Suspected,0.0,0.0,워싱,Suspected,0.0,0.0
https://prod.danawa.com/info/?pcode=78972326,정상,Normal,49.84,0.1181,정상,Normal,54.22,0.1301
https://prod.danawa.com/info/?pcode=106749662,정상,Credible,72.95,0.7941,정상,Credible,73.32,0.7941
https://prod.danawa.com/info/?pcode=91869254,정상,Normal,49.84,0.1181,정상,Normal,54.22,0.1301
https://prod.danawa.com/info/?pcode=20260577,정상,Normal,51.79,0.1219,정상,Normal,54.22,0.1301
https://prod.danawa.com/info/?pcode=122628168,정상,Normal,51.79,0.1219,정상,Normal,54.22,0.1301
https://prod.danawa.com/info/?pcode=18689777,정상,Normal,46.85,0.0781,정상,Normal,54.22,0.1301
https://prod.danawa.com/info/?pcode=95933222,정상,Normal,49.84,0.1181,정상,Normal,54.22,0.1301
https://prod.danawa.com/info/?pcode=107992172,정상,Normal,44.0,0.0389,정상,Normal,53.59,0.1288
https://prod.danawa.com/info/?pcode=103694672,정상,Suspected,0.0,0.0,정상,Suspected,0.0,0.0
https://prod.danawa.com/info/?pcode=122664605,정상,Normal,50.03,0.0903,정상,Normal,57.25,0.1349
https://prod.danawa.com/info/?pcode=71964671,정상,Normal,59.58,0.4193,정상,Normal,62.31,0.4193
https://prod.danawa.com/info/?pcode=94639523,정상,Normal,49.84,0.1181,정상,Normal,54.22,0.1301
https://prod.danawa.com/info/?pcode=106695269,정상,Normal,38.33,0.0,정상,Normal,38.33,0.0
https://prod.danawa.com/info/?pcode=65353772,정상,Normal,49.84,0.1181,정상,Normal,54.22,0.1301
https://prod.danawa.com/info/?pcode=92355719,정상,Normal,47.92,0.0888,정상,Normal,54.27,0.1307
https://prod.danawa.com/info/?pcode=104939939,정상,Normal,56.33,0.3072,정상,Normal,60.01,0.3788
https://prod.danawa.com/info/?pcode=70001618,정상,Normal,59.58,0.4193,정상,Normal,62.31,0.4193
https://prod.danawa.com/info/?pcode=76465637,정상,Normal,47.91,0.0787,정상,Normal,55.72,0.1322
https://prod.danawa.com/info/?pcode=94524113,정상,Normal,49.84,0.1181,정상,Normal,54.22,0.1301
https://prod.danawa.com/info/?pcode=122618395,정상,Normal,59.58,0.4193,정상,Normal,62.31,0.4193
https://prod.danawa.com/info/?pcode=105181940,워싱,Suspected,0.0,0.0,워싱,Suspected,0.0,0.0
https://prod.danawa.com/info/?pcode=122645999,정상,Normal,49.84,0.1181,정상,Normal,54.22,0.1301
https://prod.danawa.com/info/?pcode=70001663,정상,Normal,59.58,0.4193,정상,Normal,62.31,0.4193
https://prod.danawa.com/info/?pcode=106695326,정상,Normal,37.73,0.0,정상,Normal,38.33,0.0
https://prod.danawa.com/info/?pcode=108353024,정상,Normal,46.88,0.0784,정상,Normal,54.22,0.1301
https://prod.danawa.com/info/?pcode=73121762,정상,Normal,59.58,0.4193,정상,Normal,62.31,0.4193
https://prod.danawa.com/info/?pcode=122634004,정상,Normal,49.84,0.1181,정상,Normal,54.22,0.1301
https://prod.danawa.com/info/?pcode=94691054,정상,Normal,48.44,0.1181,정상,Normal,54.22,0.1301
https://prod.danawa.com/info/?pcode=91041728,정상,Normal,59.58,0.4193,정상,Normal,62.31,0.4193
https://prod.danawa.com/info/?pcode=78178016,정상,Credible,71.91,0.8186,정상,Credible,71.75,0.8261
https://prod.danawa.com/info/?pcode=70001678,정상,Normal,59.58,0.4193,정상,Normal,62.31,0.4193
https://prod.danawa.com/info/?pcode=106758422,정상,Normal,50.03,0.0903,정상,Normal,57.25,0.1349
https://prod.danawa.com/info/?pcode=122634019,정상,Normal,40.84,0.0673,정상,Normal,40.84,0.0673
https://prod.danawa.com/info/?pcode=96711446,정상,Normal,48.44,0.1181,정상,Normal,54.22,0.1301
https://prod.danawa.com/info/?pcode=104592116,정상,Credible,71.46,0.7734,정상,Credible,72.34,0.7849
https://prod.danawa.com/info/?pcode=122620625,정상,Washing,0.0,0.0,정상,Normal,53.95,0.1288
https://prod.danawa.com/info/?pcode=73121774,정상,Normal,59.58,0.4193,정상,Normal,62.31,0.4193
https://prod.danawa.com/info/?pcode=122628171,정상,Normal,51.79,0.1219,정상,Normal,54.22,0.1301
https://prod.danawa.com/info/?pcode=94572410,정상,Normal,49.84,0.1181,정상,Normal,54.22,0.1301
https://prod.danawa.com/info/?pcode=104592122,정상,Credible,71.46,0.7734,정상,Credible,72.34,0.7849
https://prod.danawa.com/info/?pcode=106702373,정상,Normal,58.84,0.4922,정상,Normal,61.25,0.5
https://prod.danawa.com/info/?pcode=103751669,정상,Credible,74.28,0.7942,정상,Credible,74.65,0.7942
https://prod.danawa.com/info/?pcode=102356192,정상,Normal,49.84,0.1181,정상,Normal,54.22,0.1301
https://prod.danawa.com/info/?pcode=95203526,정상,Credible,71.91,0.8186,정상,Credible,71.75,0.8261
https://prod.danawa.com/info/?pcode=95203442,정상,Credible,71.91,0.8186,정상,Credible,71.75,0.8261
https://prod.danawa.com/info/?pcode=75933530,정상,Normal,48.44,0.1181,정상,Normal,54.22,0.1301
https://prod.danawa.com/info/?pcode=93181205,정상,Normal,51.79,0.1219,정상,Normal,54.22,0.1301
https://prod.danawa.com/info/?pcode=108229331,정상,Normal,50.03,0.0903,정상,Normal,57.25,0.1349
https://prod.danawa.com/info/?pcode=96985346,정상,Normal,45.97,0.0,정상,Normal,50.42,0.0
https://prod.danawa.com/info/?pcode=108463712,정상,Normal,49.39,0.1181,정상,Normal,57.2,0.1342
https://prod.danawa.com/info/?pcode=94259567,정상,Normal,49.84,0.1181,정상,Normal,54.22,0.1301
https://prod.danawa.com/info/?pcode=102489455,정상,Normal,49.39,0.1181,정상,Normal,57.2,0.1342
https://prod.danawa.com/info/?pcode=77621606,정상,Normal,49.39,0.1181,정상,Normal,57.2,0.1342
https://prod.danawa.com/info/?pcode=108401885,정상,Credible,71.93,0.8186,정상,Credible,71.78,0.8261
https://prod.danawa.com/info/?pcode=108463688,정상,Normal,49.39,0.1181,정상,Normal,57.2,0.1342
https://prod.danawa.com/info/?pcode=94639772,정상,Normal,49.84,0.1181,정상,Normal,54.22,0.1301
https://prod.danawa.com/info/?pcode=18698627,정상,Normal,46.85,0.0784,정상,Normal,54.22,0.1301
https://prod.danawa.com/info/?pcode=17432099,정상,Normal,49.84,0.1181,정상,Normal,54.22,0.1301
https://prod.danawa.com/info/?pcode=70001636,정상,Normal,59.58,0.4193,정상,Normal,62.31,0.4193
https://prod.danawa.com/info/?pcode=91041716,정상,Normal,59.58,0.4193,정상,Normal,62.31,0.4193
https://prod.danawa.com/info/?pcode=122618344,정상,Normal,59.58,0.4193,정상,Normal,62.31,0.4193
https://prod.danawa.com/info/?pcode=122626145,정상,Normal,49.84,0.1181,정상,Normal,54.22,0.1301
